Type,Index,0800,0900,1000,1100,1200,1300,1400,1500,1600,1700,1800,1900,2000,2100,2200,2300,0000,0100,0200,0300,0400,0500,0600,0700
Actual,1,0.0,0.0,0.0,0.0,0.0,0.0,0.0,0.0,2.1,4.4,5.7,6.9,7.1,7.2,6.2,4.1,1.3,0.0,0.0,0.0,0.0,0.0,0.0,0.0
Forecast,1,0.0,0.0,0.0,0.0,0.0,0.0,0.0,1.5,3.6,5.0,6.1,6.3,6.2,5.5,4.0,1.8,0.0,0.0,0.0,0.0,0.0,0.0,0.0,0.0
Simulation,1,0.0,0.0,0.0,0.0,0.0,0.0,0.0,3.5,4.4,3.5999999999999996,1.039583428476436,0.0,2.8255156121309946,2.5319003728234843,2.2451565011276213,0.2808233063994141,1.2999999999999998,0.0,0.0,0.0,0.0,0.0,0.0,0.0
Simulation,2,0.0,0.0,0.0,0.0,0.0,0.0,0.0,3.3,4.7,4.5,6.462028764947917,6.3999999999999995,6.3,6.4,5.90803644194448,3.9004973915612355,1.4,0.0,0.0,0.0,0.0,0.0,0.0,0.0
Simulation,3,0.0,0.0,0.0,0.0,0.0,0.0,0.0,2.8,4.5,3.9999999999999996,5.7,6.4,6.1000000000000005,6.2,4.8,1.0,1.2,0.0,0.0,0.0,0.0,0.0,0.0,0.0
Simulation,4,0.0,0.0,0.0,0.0,0.0,0.0,0.0005401298420168708,2.9000000000000004,2.7,4.224183102505688,6.7,6.8,6.8,6.567433848329503,4.7,3.0999999999999996,1.4,0.0,0.0,0.0,0.0,0.0,0.0,0.0
Simulation,5,0.0,0.0,0.0,0.0,0.0,0.0,0.0006334845608493445,0.0,4.1,4.8999999999999995,7.104521195694925,6.6,6.1000000000000005,5.5,2.8000000000000003,3.6000000000000005,0.2,0.0,0.0,0.0,0.0,0.0,0.0,0.0
Simulation,6,0.0,0.0,0.0,0.0,0.0,0.0,0.0,3.0,2.2,4.2,5.8,6.3,6.5,5.9,4.8,3.9337074739873827,1.4,0.0,0.0,0.0,0.0,0.0,0.0,0.0
Simulation,7,0.0,0.0,0.0,0.0,0.0,0.0,0.0,2.7,3.39161591819522,4.2,5.199999999999999,6.048591792547524,4.411650875862534,4.5,4.7,0.10100241995044112,1.4,0.0,0.0,0.0,0.0,0.0,0.0,0.0
Simulation,8,0.0,0.0,0.0,0.0,0.0,0.0,0.0,0.19999999999999996,2.423183151738619,4.4,6.699999999999999,6.8,5.800000000000001,3.9054416485856236,3.6,2.8,1.2,0.0,0.0,0.0,0.0,0.0,0.0,0.0
Simulation,9,0.0,0.0,0.0,0.0,0.0,0.0,0.000540424013473964,2.9000000000000004,5.473340045660261,4.1,5.3999999999999995,6.2,5.3,6.0,5.2,2.9,0.6,0.0,0.0,0.0,0.0,0.0,0.0,0.0
Simulation,10,0.0,0.0,0.0,0.0,0.0,0.0,0.0006536887381857809,3.6436836306738116,5.373106145586338,6.148860767591351,6.6,7.237424215732344,6.3,7.283400087717264,5.3999999999999995,3.8105742616022384,0.1,0.0,0.0,0.0,0.0,0.0,0.0,0.0
Simulation,11,0.0,0.0,0.0,0.0,0.0,0.0,0.00025924251768038025,3.6999999999999997,4.4,5.7,5.1,6.3999999999999995,6.2,5.1,2.7,0.03519121368692146,0.8279859227775219,0.0,0.0,0.0,0.0,0.0,0.0,0.0
Simulation,12,0.0,0.0,0.0,0.0,0.0,0.0,0.0007593998352771169,3.7000000137587308,5.533485328300396,5.3,6.8,5.7,6.961650610658398,4.8,5.5,3.3,1.3,0.0,0.0,0.0,0.0,0.0,0.0,0.0
Simulation,13,0.0,0.0,0.0,0.0,0.0,0.0,0.0,3.4000000000000004,1.7100400963805826,2.021484452581512,5.1,6.4,5.9,4.6,2.7,0.2281218920048682,1.3,0.0,0.0,0.0,0.0,0.0,0.0,0.0
Simulation,14,0.0,0.0,0.0,0.0,0.0,0.0,0.0008296251234986166,0.0,4.267110365088547,4.3999999999999995,6.3,6.699999999999999,6.8,5.8,5.881731210753124,4.588895249291752,1.1,0.0,0.0,0.0,0.0,0.0,0.0,0.0
Simulation,15,0.0,0.0,0.0,0.0,0.0,0.0,0.0,3.0,2.7,5.6,6.8,6.5,6.300000000000001,5.2,5.4,0.1661477646048395,0.1,0.0,0.0,0.0,0.0,0.0,0.0,0.0
Simulation,16,0.0,0.0,0.0,0.0,0.0,0.0,0.000730767676509449,3.7000000312973915,4.8,4.0,5.3999999999999995,6.3,5.4,4.5,2.7,0.39294219643208095,1.6,0.0,0.0,0.0,0.0,0.0,0.0,0.0
Simulation,17,0.0,0.0,0.0,0.0,0.0,0.0,0.0,2.9000000000000004,2.4000000000000004,4.3,5.1,5.5,6.8,4.3999999999999995,5.5,0.2042130412556793,1.4,0.0,0.0,0.0,0.0,0.0,0.0,0.0
Simulation,18,0.0,0.0,0.0,0.0,0.0,0.0,0.00027636804467843736,3.2,4.4,4.7,5.199999999999999,4.988945273086861,4.862485591494641,4.7,5.1,0.4999999999999998,1.0,0.0,0.0,0.0,0.0,0.0,0.0,0.0
Simulation,19,0.0,0.0,0.0,0.0,0.0,0.0,0.0006302911059270535,0.0,2.2,2.4750653352571983,5.2,3.838591893161806,5.3999999999999995,4.7,5.469872460232864,0.6000000000000001,1.0,0.0,0.0,0.0,0.0,0.0,0.0,0.0
Simulation,20,0.0,0.0,0.0,0.0,0.0,0.0,0.0,0.0,4.4,4.4,5.3999999999999995,5.5,5.5,3.719042674530905,2.9,0.4999999999999998,0.1,0.0,0.0,0.0,0.0,0.0,0.0,0.0
Simulation,21,0.0,0.0,0.0,0.0,0.0,0.0,0.0008822701166190011,3.6011577086928015,5.2,5.7,6.699999999999999,6.8999999999999995,6.800000000000001,6.2,5.760582537195679,1.7,1.8226234615657537,0.0,0.0,0.0,0.0,0.0,0.0,0.0
Simulation,22,0.0,0.0,0.0,0.0,0.0,0.0,0.0,3.1999999999999997,6.019544949092806,7.181061969426141,7.633225524587906,7.373165010122342,7.4824056835875155,6.2,5.300000000000001,0.494094455841116,0.1,0.0,0.0,0.0,0.0,0.0,0.0,0.0
Simulation,23,0.0,0.0,0.0,0.0,0.0,0.0,0.0,3.0,4.9,6.1,5.8,5.3999999999999995,5.3,3.2127850254513066,2.3176810900950318,0.0,0.4,0.0,0.0,0.0,0.0,0.0,0.0,0.0
Simulation,24,0.0,0.0,0.0,0.0,0.0,0.0,0.0,2.4,5.358395622372573,5.5,4.92844750438974,6.8999999999999995,6.800000000000001,6.5,5.771197818051188,3.5,1.4000000000000001,0.0,0.0,0.0,0.0,0.0,0.0,0.0
Simulation,25,0.0,0.0,0.0,0.0,0.0,0.0,0.0,2.9,4.1,5.6,5.2,6.0,6.800000000000001,6.0,3.0,1.9648421654779669,1.4,0.0,0.0,0.0,0.0,0.0,0.0,0.0
Simulation,26,0.0,0.0,0.0,0.0,0.0,0.0,0.0,0.10000000000000009,2.3000000000000003,4.3,7.060740431784213,7.536327072266598,7.61217233117207,5.0,3.0,3.3000000000000003,1.0,0.0,0.0,0.0,0.0,0.0,0.0,0.0
Simulation,27,0.0,0.0,0.0,0.0,0.0,0.0,0.0005332387189323374,2.714289632741664,2.4426923811962697,4.1,5.8,6.646836761936049,6.3,6.909625445313248,5.85766510395242,4.409288466358242,1.1,0.0,0.0,0.0,0.0,0.0,0.0,0.0
Simulation,28,0.0,0.0,0.0,0.0,0.0,0.0,0.0009349673901164906,1.1766669735082926,2.3000000000000003,3.8000000000000003,6.0,6.2,5.6000000000000005,4.6,2.401314433088856,0.19357973197075728,1.8759047028757,0.0,0.0,0.0,0.0,0.0,0.0,0.0
Simulation,29,0.0,0.0,0.0,0.0,0.0,0.0,8.58689926470447e-05,0.0,5.199999999999999,5.8999999999999995,6.0,6.5,7.058683309765187,6.3,2.9,3.6892219700606756,0.7,0.0,0.0,0.0,0.0,0.0,0.0,0.0
Simulation,30,0.0,0.0,0.0,0.0,0.0,0.0,0.0,3.4,2.2,3.6,4.2221503938004545,5.9,5.8,6.1000000000000005,2.8,0.6856837513721372,1.2,0.0,0.0,0.0,0.0,0.0,0.0,0.0
Simulation,31,0.0,0.0,0.0,0.0,0.0,0.0,0.0,3.3000000000000003,4.300000000000001,5.8,5.1,5.7,4.778337133752302,4.7,2.7,2.5,1.4,0.0,0.0,0.0,0.0,0.0,0.0,0.0
Simulation,32,0.0,0.0,0.0,0.0,0.0,0.0,0.0008921861852236933,2.7,1.5849633968541244,2.8336581231420643,4.41618002218261,5.166742823904751,6.1000000000000005,5.8,3.9,0.0,1.2,0.0,0.0,0.0,0.0,0.0,0.0,0.0
Simulation,33,0.0,0.0,0.0,0.0,0.0,0.0,4.080729222524359e-05,3.7000000006705323,5.2,6.320491285160577,7.109318209386385,7.0,6.2,3.5208344434077903,2.4273585372590847,0.1366224571950092,0.1,0.0,0.0,0.0,0.0,0.0,0.0,0.0
Simulation,34,0.0,0.0,0.0,0.0,0.0,0.0,0.0,3.700000000756297,5.249162760834997,5.9,6.3999999999999995,6.4,6.4,6.085676609953145,5.4,0.5999999999999999,3.141479209444893,0.0,0.0,0.0,0.0,0.0,0.0,0.0
Simulation,35,0.0,0.0,0.0,0.0,0.0,0.0,0.0,0.08536225921717477,2.2164471518783007,5.2,7.209934730415093,6.3,6.800000000000001,6.1000000000000005,5.641687864297753,3.5999999999999996,1.2,0.0,0.0,0.0,0.0,0.0,0.0,0.0
Simulation,36,0.0,0.0,0.0,0.0,0.0,0.0,0.0,3.6,1.975282675486778,2.1330472005942505,4.240407600105332,1.5881758048676744,3.14010267317517,1.1548366747586076,2.4945451514958865,0.285436616939841,0.2,0.0,0.0,0.0,0.0,0.0,0.0,0.0
Simulation,37,0.0,0.0,0.0,0.0,0.0,0.0,0.0,0.0,5.986059759387361,6.527867502071985,7.387561070915567,7.0,6.2,5.699999999999999,4.7,3.2,0.2,0.0,0.0,0.0,0.0,0.0,0.0,0.0
Simulation,38,0.0,0.0,0.0,0.0,0.0,0.0,0.0,3.5,2.8410957130774905,4.3999999999999995,6.3999999999999995,6.0,5.880404179044461,4.5,2.6,0.15911493534468923,1.581339826396004,0.0,0.0,0.0,0.0,0.0,0.0,0.0
Simulation,39,0.0,0.0,0.0,0.0,0.0,0.0,0.0006316129239801768,2.8,5.3856979727584005,6.747381821653947,6.3999999999999995,4.42564551740615,5.197508181647317,2.5263171060313905,2.6999999999999997,0.4999999999999998,0.1,0.0,0.0,0.0,0.0,0.0,0.0,0.0
Simulation,40,0.0,0.0,0.0,0.0,0.0,0.0,0.0,3.6999999999999997,5.514587112556828,5.300000000000001,5.3999999999999995,6.1000000000000005,5.3,4.098488966695532,2.3163852043658633,0.10247750923015397,1.0,0.0,0.0,0.0,0.0,0.0,0.0,0.0
Simulation,41,0.0,0.0,0.0,0.0,0.0,0.0,0.0007338633525414457,0.0,2.092360965517763,4.3,4.614880542192049,5.5,6.9,5.0,3.5999999999999996,3.5,1.5,0.0,0.0,0.0,0.0,0.0,0.0,0.0
Simulation,42,0.0,0.0,0.0,0.0,0.0,0.0,0.0,3.700000079930134,5.0,4.0,5.1,5.5,4.794173308632235,4.6,2.497260069864675,3.5,1.1,0.0,0.0,0.0,0.0,0.0,0.0,0.0
Simulation,43,0.0,0.0,0.0,0.0,0.0,0.0,0.0,2.7,2.3000000000000003,4.1,4.707027060851734,5.9,6.4,4.7,4.6,2.4000000000000004,0.1,0.0,0.0,0.0,0.0,0.0,0.0,0.0
Simulation,44,0.0,0.0,0.0,0.0,0.0,0.0,0.0,3.5,2.5,5.7,7.3446225344338405,6.9,7.574313036060376,6.4,3.2254254552029695,0.5,0.2,0.0,0.0,0.0,0.0,0.0,0.0,0.0
Simulation,45,0.0,0.0,0.0,0.0,0.0,0.0,0.0008962980308248204,3.3,4.5,5.8,6.699999999999999,7.450926190405431,7.464345936458497,6.568871773707505,6.035683434044731,4.518783251280048,1.1,0.0,0.0,0.0,0.0,0.0,0.0,0.0
Simulation,46,0.0,0.0,0.0,0.0,0.0,0.0,0.0,2.9000000000000004,6.198057360064956,4.3,6.3999999999999995,5.8999999999999995,6.2,5.8999999999999995,2.6,3.5,0.2,0.0,0.0,0.0,0.0,0.0,0.0,0.0
Simulation,47,0.0,0.0,0.0,0.0,0.0,0.0,0.0,3.1,4.800000000000001,3.9,5.3999999999999995,6.5,6.9,5.9,5.4,0.7,0.4,0.0,0.0,0.0,0.0,0.0,0.0,0.0
Simulation,48,0.0,0.0,0.0,0.0,0.0,0.0,0.0,3.7000000306294174,5.5122159912983495,5.9,5.699999999999999,6.5,6.800000000000001,6.1,5.951865041028693,3.6000000000000005,3.061848450218788,0.0,0.0,0.0,0.0,0.0,0.0,0.0
Simulation,49,0.0,0.0,0.0,0.0,0.0,0.0,0.0,2.9000000000000004,2.4,3.9000000000000004,4.9864896420222085,4.736484609137548,5.6000000000000005,3.783768180223568,2.8123196891267925,3.0,1.1,0.0,0.0,0.0,0.0,0.0,0.0,0.0
Simulation,50,0.0,0.0,0.0,0.0,0.0,0.0,0.0006350067655250852,2.4,2.3000000000000003,5.2,5.3999999999999995,5.5,6.1000000000000005,6.5,3.9,3.0999999999999996,1.3,0.0,0.0,0.0,0.0,0.0,0.0,0.0
Simulation,51,0.0,0.0,0.0,0.0,0.0,0.0,0.0,2.8,4.800000000000001,3.5999999999999996,5.1,5.9,5.5,3.951111536281878,0.7062845104916393,3.0999999999999996,0.2,0.0,0.0,0.0,0.0,0.0,0.0,0.0
Simulation,52,0.0,0.0,0.0,0.0,0.0,0.0,4.040029040534983e-05,3.1,5.714443042828751,6.0,5.499999999999999,6.3,6.6000000000000005,4.800000000000001,4.5,0.16163076408627286,1.4,0.0,0.0,0.0,0.0,0.0,0.0,0.0
Simulation,53,0.0,0.0,0.0,0.0,0.0,0.0,0.0,0.0,2.2,2.537165689212435,5.6,6.8999999999999995,6.3,4.7,2.8,0.5000000000000002,0.9,0.0,0.0,0.0,0.0,0.0,0.0,0.0
Simulation,54,0.0,0.0,0.0,0.0,0.0,0.0,0.0007144208271353585,3.700000002120315,4.471500773599092,6.746039723445893,6.030484912464908,6.699999999999999,6.6000000000000005,5.1,5.4,3.3,1.0999999999999999,0.0,0.0,0.0,0.0,0.0,0.0,0.0
Simulation,55,0.0,0.0,0.0,0.0,0.0,0.0,0.0,0.19999999999999996,2.9000000000000004,5.9,6.299999999999999,7.685445085028363,6.7,5.0,5.3,3.1,2.0292261262093425,0.0,0.0,0.0,0.0,0.0,0.0,0.0
Simulation,56,0.0,0.0,0.0,0.0,0.0,0.0,0.0,0.20000000000000018,2.6,4.3,5.2,6.1,6.000000000000001,6.5,5.2,0.8,1.5,0.0,0.0,0.0,0.0,0.0,0.0,0.0
Simulation,57,0.0,0.0,0.0,0.0,0.0,0.0,0.0,0.0,1.5646743170177064,0.8856930492838515,3.364102020439125,1.7341987090546453,0.0,2.696613768078477,1.7509683594816674,0.0,0.3,0.0,0.0,0.0,0.0,0.0,0.0,0.0
Simulation,58,0.0,0.0,0.0,0.0,0.0,0.0,0.0,3.7000014179319494,4.6,5.0,6.3,5.7,6.1000000000000005,5.3,5.646908400077112,3.5,1.3731136310124015,0.0,0.0,0.0,0.0,0.0,0.0,0.0
Simulation,59,0.0,0.0,0.0,0.0,0.0,0.0,0.0,3.2,5.444202172573544,6.714143273799765,7.573005465944552,6.8999999999999995,6.6000000000000005,4.800000000000001,2.5862023485362764,3.5,1.0,0.0,0.0,0.0,0.0,0.0,0.0,0.0
Simulation,60,0.0,0.0,0.0,0.0,0.0,0.0,0.0008223926449082846,1.6685946222902772,2.4,0.3618765926281675,0.0,2.102378965051952,4.922385807200578,5.1000000000000005,1.6636452279824638,0.10775495714530492,0.1,0.0,0.0,0.0,0.0,0.0,0.0,0.0
Simulation,61,0.0,0.0,0.0,0.0,0.0,0.0,0.0,2.5,2.3000000000000003,5.3,5.2,5.234417021943746,4.224633286000501,4.699999999999999,5.2,3.5,1.1,0.0,0.0,0.0,0.0,0.0,0.0,0.0
Simulation,62,0.0,0.0,0.0,0.0,0.0,0.0,0.0,0.0,4.800000000000001,6.0,7.180033592586218,7.290593048720888,7.110769718431542,7.142469531675598,5.771324781298839,3.6807954908216534,1.7611981437787392,0.0,0.0,0.0,0.0,0.0,0.0,0.0
Simulation,63,0.0,0.0,0.0,0.0,0.0,0.0,0.0008992628402650969,0.18814483460468656,2.4000000000000004,3.1862836410192874,1.5993406832355959,0.019110869544613607,5.067450703728435,4.7,2.7,3.5,1.588990993193471,0.0,0.0,0.0,0.0,0.0,0.0,0.0
Simulation,64,0.0,0.0,0.0,0.0,0.0,0.0,0.0008889916041802272,3.2,5.329960229881964,6.169961091910366,6.1,6.0,6.6,6.1000000000000005,2.8000000000000003,3.2,0.1,0.0,0.0,0.0,0.0,0.0,0.0,0.0
Simulation,65,0.0,0.0,0.0,0.0,0.0,0.0,0.0,2.4,0.9031299999301106,1.1666352154919806,4.496633496204282,4.714882909333392,4.6341357186786425,4.043620284700975,2.8000000000000003,3.72864429126987,0.4,0.0,0.0,0.0,0.0,0.0,0.0,0.0
Simulation,66,0.0,0.0,0.0,0.0,0.0,0.0,0.0002796721751157831,2.5,2.3000000000000003,2.6969572938168236,3.9858858430118342,5.5,5.800000000000001,4.8999999999999995,5.5,3.1,1.5,0.0,0.0,0.0,0.0,0.0,0.0,0.0
Simulation,67,0.0,0.0,0.0,0.0,0.0,0.0,0.0,0.0,2.2,4.4,5.6,6.8,6.1000000000000005,6.1,2.284472234087818,0.26105267210520355,1.2999999999999998,0.0,0.0,0.0,0.0,0.0,0.0,0.0
Simulation,68,0.0,0.0,0.0,0.0,0.0,0.0,3.597021773086684e-05,0.0,1.0594511234843496,4.1,5.699999999999999,5.6,5.5,6.0,2.6,0.048316914724891635,0.3,0.0,0.0,0.0,0.0,0.0,0.0,0.0
Simulation,69,0.0,0.0,0.0,0.0,0.0,0.0,4.6760695570292085e-05,3.6,2.4,5.3,5.1,5.830815970041481,5.19704373293448,5.8,2.947746422559561,0.6000000000000001,2.212536345127307,0.0,0.0,0.0,0.0,0.0,0.0,0.0
Simulation,70,0.0,0.0,0.0,0.0,0.0,0.0,0.0007638240629760963,3.0,2.5,4.699999999999999,5.1,4.456863484621569,6.300000000000001,4.6000000000000005,2.9,3.4000000000000004,0.3,0.0,0.0,0.0,0.0,0.0,0.0,0.0
Simulation,71,0.0,0.0,0.0,0.0,0.0,0.0,0.0,3.700000009575514,6.045254091545626,5.895656917296071,6.893323063876164,7.0,6.0,4.5,3.6999999999999997,2.9000000000000004,1.0,0.0,0.0,0.0,0.0,0.0,0.0,0.0
Simulation,72,0.0,0.0,0.0,0.0,0.0,0.0,0.0,2.7,2.6,3.5999999999999996,4.415439633141579,4.2498817962065445,3.8311217207929813,4.5,5.1,3.1,1.3,0.0,0.0,0.0,0.0,0.0,0.0,0.0
Simulation,73,0.0,0.0,0.0,0.0,0.0,0.0,0.0,3.700000010543333,5.1000000000000005,6.664126943832022,5.3999999999999995,6.5,5.8,4.7,4.098970140219026,0.9750054197139775,0.3,0.0,0.0,0.0,0.0,0.0,0.0,0.0
Simulation,74,0.0,0.0,0.0,0.0,0.0,0.0,0.0009363348457167117,0.0,1.4122401522973385,3.8999999999999995,5.699999999999999,5.8,5.168509323541555,4.5,4.9,3.714131689095343,0.4,0.0,0.0,0.0,0.0,0.0,0.0,0.0
Simulation,75,0.0,0.0,0.0,0.0,0.0,0.0,0.0,2.8,4.887192079760797,6.658948965990427,6.699999999999999,7.455877021130084,7.745304715675511,6.3,5.5,3.2,1.3,0.0,0.0,0.0,0.0,0.0,0.0,0.0
Simulation,76,0.0,0.0,0.0,0.0,0.0,0.0,0.0008447352527483273,0.0,5.3,5.619454574692696,6.199999999999999,6.1,6.907355282118497,6.5,2.8,3.5,0.6,0.0,0.0,0.0,0.0,0.0,0.0,0.0
Simulation,77,0.0,0.0,0.0,0.0,0.0,0.0,0.0,3.2,4.877558544454433,3.8000000000000003,5.8999999999999995,6.1000000000000005,6.1000000000000005,2.8390126774250657,5.5,0.8702232635947666,1.9473778712405703,0.0,0.0,0.0,0.0,0.0,0.0,0.0
Simulation,78,0.0,0.0,0.0,0.0,0.0,0.0,0.0,3.0999999999999996,5.356888073195169,7.14134782790893,6.5,6.9,6.3,4.9,5.1,3.1000000000000005,0.6,0.0,0.0,0.0,0.0,0.0,0.0,0.0
Simulation,79,0.0,0.0,0.0,0.0,0.0,0.0,0.0,3.0,2.7,4.1,5.5,4.520332905019816,4.870892521078362,4.3999999999999995,3.5999999999999996,0.7,1.2,0.0,0.0,0.0,0.0,0.0,0.0,0.0
Simulation,80,0.0,0.0,0.0,0.0,0.0,0.0,0.0,3.0,4.800000000000001,6.1869004834587455,5.3,6.3999999999999995,5.9,4.011261360935848,2.7,2.8,0.1,0.0,0.0,0.0,0.0,0.0,0.0,0.0
Simulation,81,0.0,0.0,0.0,0.0,0.0,0.0,0.0,2.6999999999999997,5.3,5.2,7.195504131240302,6.8,6.9,7.170774042513571,5.4,3.804321588772301,1.2,0.0,0.0,0.0,0.0,0.0,0.0,0.0
Simulation,82,0.0,0.0,0.0,0.0,0.0,0.0,0.0,3.1999999999999997,4.6,3.9000000000000004,5.8,6.3999999999999995,7.561051801357965,6.7438290062779505,5.703142350959272,3.77168797685087,1.932270192818736,0.0,0.0,0.0,0.0,0.0,0.0,0.0
Simulation,83,0.0,0.0,0.0,0.0,0.0,0.0,0.0,3.1,2.3000000000000003,4.199999999999999,5.8,6.699999999999999,5.9,4.9,2.6,1.6108762805546804,1.8727423867014976,0.0,0.0,0.0,0.0,0.0,0.0,0.0
Simulation,84,0.0,0.0,0.0,0.0,0.0,0.0,0.0,0.0,4.300000000000001,5.380214739403095,6.951196585714283,6.5,7.368040909211941,6.1,4.3,3.5999999999999996,0.2,0.0,0.0,0.0,0.0,0.0,0.0,0.0
Simulation,85,0.0,0.0,0.0,0.0,0.0,0.0,8.625444378148035e-05,3.5,1.983702179918817,6.0,5.799999999999999,5.7,4.988998634220765,4.5,2.6,0.1662034390906526,1.8814712361603774,0.0,0.0,0.0,0.0,0.0,0.0,0.0
Simulation,86,0.0,0.0,0.0,0.0,0.0,0.0,9.204155224351106e-05,3.3,4.800000000000001,5.3,5.8999999999999995,5.8999999999999995,5.800000000000001,4.3999999999999995,2.4236221124888186,0.0,1.1,0.0,0.0,0.0,0.0,0.0,0.0,0.0
Simulation,87,0.0,0.0,0.0,0.0,0.0,0.0,0.0,2.8000000000000003,4.800000000000001,5.8,5.3999999999999995,5.8999999999999995,5.7,5.5,5.300000000000001,2.9000000000000004,1.5,0.0,0.0,0.0,0.0,0.0,0.0,0.0
Simulation,88,0.0,0.0,0.0,0.0,0.0,0.0,0.0,2.010425827688806,2.6,3.9000000000000004,6.199999999999999,6.1,5.6000000000000005,4.5,2.9,3.5,2.149643207715688,0.0,0.0,0.0,0.0,0.0,0.0,0.0
Simulation,89,0.0,0.0,0.0,0.0,0.0,0.0,0.0,3.700000004717093,4.6000000000000005,5.6,6.8,6.2,5.7,6.1000000000000005,5.640012278616412,1.5019013098577545,1.7,0.0,0.0,0.0,0.0,0.0,0.0,0.0
Simulation,90,0.0,0.0,0.0,0.0,0.0,0.0,0.0,2.8,2.2,4.2,5.2,6.5,6.6,4.3999999999999995,3.0,3.3000000000000003,0.3,0.0,0.0,0.0,0.0,0.0,0.0,0.0
Simulation,91,0.0,0.0,0.0,0.0,0.0,0.0,0.0006226337038369994,3.2,4.300000000000001,5.6000000000000005,7.461790954064687,7.2388633227188635,6.7,6.1,5.763170848859912,3.7554148805231975,0.6,0.0,0.0,0.0,0.0,0.0,0.0,0.0
Simulation,92,0.0,0.0,0.0,0.0,0.0,0.0,0.0,2.062031762619365,4.9,4.7,5.6,6.1,4.257505536498644,4.3999999999999995,2.2161690310133526,2.8,1.4,0.0,0.0,0.0,0.0,0.0,0.0,0.0
Simulation,93,0.0,0.0,0.0,0.0,0.0,0.0,0.0,3.3,5.403691951814195,5.9,6.7,6.4,6.9,4.5,5.5,3.8249169474004754,0.9395362020063147,0.0,0.0,0.0,0.0,0.0,0.0,0.0
Simulation,94,0.0,0.0,0.0,0.0,0.0,0.0,0.0,3.700000112203249,2.5,6.1,6.3,6.8999999999999995,6.3,5.2,2.6,3.1,1.5,0.0,0.0,0.0,0.0,0.0,0.0,0.0
Simulation,95,0.0,0.0,0.0,0.0,0.0,0.0,0.0009415439973757136,3.3,2.4000000000000004,5.8999999999999995,6.799999999999999,6.5,5.7,6.0,5.616146297799407,0.5,1.4,0.0,0.0,0.0,0.0,0.0,0.0,0.0
Simulation,96,0.0,0.0,0.0,0.0,0.0,0.0,0.0,2.4799666271477037,5.0,5.0,5.3999999999999995,5.120112241851954,4.322141469943565,2.143842490822469,2.4275391156072947,0.09595025359718323,1.6,0.0,0.0,0.0,0.0,0.0,0.0,0.0
Simulation,97,0.0,0.0,0.0,0.0,0.0,0.0,0.0,3.7000015148448053,2.2,5.4,5.199999999999999,5.3999999999999995,4.696835693153284,2.854266824854916,2.3383989560876293,0.18909318500782124,0.9,0.0,0.0,0.0,0.0,0.0,0.0,0.0
Simulation,98,0.0,0.0,0.0,0.0,0.0,0.0,0.0,0.10000000000000009,5.364077594370349,5.1000000000000005,5.1,5.953747040145572,6.1000000000000005,5.3999999999999995,4.7,0.2663511799010989,2.182650860206365,0.0,0.0,0.0,0.0,0.0,0.0,0.0
Simulation,99,0.0,0.0,0.0,0.0,0.0,0.0,0.0005250295166849402,2.621340023031577,5.1,5.2,5.3,4.418556416778522,4.11760899491702,3.5716923254716826,2.2595232692458604,0.23805206785999844,1.5999999999999999,0.0,0.0,0.0,0.0,0.0,0.0,0.0
Simulation,100,0.0,0.0,0.0,0.0,0.0,0.0,8.806387521089818e-06,1.6,4.6,4.0663366107694765,7.5892034867011,6.8999999999999995,5.560380041951771,6.0,2.8000000000000003,3.0999999999999996,1.1,0.0,0.0,0.0,0.0,0.0,0.0,0.0
Simulation,101,0.0,0.0,0.0,0.0,0.0,0.0,0.00015668057892996782,0.10000000000000009,1.44257473415461,2.6669632647076438,4.316647185559886,5.4,5.8,5.2,4.0,0.6000000000000001,0.1,0.0,0.0,0.0,0.0,0.0,0.0,0.0
Simulation,102,0.0,0.0,0.0,0.0,0.0,0.0,0.0,2.4,4.800000000000001,6.0,6.0,6.699999999999999,7.696037353687115,5.9,6.805290983550777,3.2,1.2,0.0,0.0,0.0,0.0,0.0,0.0,0.0
Simulation,103,0.0,0.0,0.0,0.0,0.0,0.0,0.00010026539569713652,0.0,5.199999999999999,6.0,5.8999999999999995,4.16528317825273,4.296023773826223,4.3999999999999995,3.8402488560110415,0.5,0.1,0.0,0.0,0.0,0.0,0.0,0.0,0.0
Simulation,104,0.0,0.0,0.0,0.0,0.0,0.0,0.000832946296950112,3.7000000152433583,4.9,6.7785091196936795,6.8,7.573817845116687,7.316330411274827,7.080704780424696,6.0718933275893345,3.923111994338943,1.4,0.0,0.0,0.0,0.0,0.0,0.0,0.0
Simulation,105,0.0,0.0,0.0,0.0,0.0,0.0,0.0008271702274614277,0.20000000000000018,5.0,5.7,6.3999999999999995,6.0,6.000000000000001,4.7,4.5,3.7501517586526383,1.6,0.0,0.0,0.0,0.0,0.0,0.0,0.0
Simulation,106,0.0,0.0,0.0,0.0,0.0,0.0,0.0008814625868042295,0.0,2.5375667009112792,3.9,5.1,7.323464901691199,6.9,4.9,3.984967248982838,0.09002765125137557,0.6,0.0,0.0,0.0,0.0,0.0,0.0,0.0
Simulation,107,0.0,0.0,0.0,0.0,0.0,0.0,0.0,3.0,5.368690186349094,4.5,6.8,6.6,6.300000000000001,6.5,5.2,3.6621177384324386,1.5,0.0,0.0,0.0,0.0,0.0,0.0,0.0
Simulation,108,0.0,0.0,0.0,0.0,0.0,0.0,0.0,3.1,2.3000000000000003,4.300000000000001,5.6,5.6,7.14586785959866,3.5462168678063084,5.9781790555263905,2.5,1.2,0.0,0.0,0.0,0.0,0.0,0.0,0.0
Simulation,109,0.0,0.0,0.0,0.0,0.0,0.0,0.0,2.9000000000000004,1.2903251197067305,1.8579743952966252,5.3,6.3999999999999995,5.125998964444923,5.8,5.1,3.4000000000000004,2.3980194810809867,0.0,0.0,0.0,0.0,0.0,0.0,0.0
Simulation,110,0.0,0.0,0.0,0.0,0.0,0.0,0.000765129391546836,3.1,1.4230408397359962,2.404763110814539,6.2,6.7,6.9,6.3,2.8000000000000003,2.4000000000000004,1.0,0.0,0.0,0.0,0.0,0.0,0.0,0.0
Simulation,111,0.0,0.0,0.0,0.0,0.0,0.0,0.0,3.6,4.5,4.2,5.199999999999999,5.3999999999999995,5.049723210059852,4.111401974246043,2.6,2.0999999999999996,1.5,0.0,0.0,0.0,0.0,0.0,0.0,0.0
Simulation,112,0.0,0.0,0.0,0.0,0.0,0.0,0.000559665682491227,3.700000015181048,5.425109140226296,6.564949245663216,7.241634857707145,6.7,7.192149115618667,4.6000000000000005,5.6,3.8060469106712222,1.7,0.0,0.0,0.0,0.0,0.0,0.0,0.0
Simulation,113,0.0,0.0,0.0,0.0,0.0,0.0,0.00010223045093373797,3.3,2.3000000000000003,4.33970181896903,5.1,0.0,1.3269103005645926,1.1408968170548537,1.7219430768711197,0.40000000000000013,0.1,0.0,0.0,0.0,0.0,0.0,0.0,0.0
Simulation,114,0.0,0.0,0.0,0.0,0.0,0.0,0.0,0.0,1.621691397450197,2.5116069386074744,4.736995720662926,4.752469656947783,5.300000000000001,5.9,4.800000000000001,1.9413971101859318,1.7,0.0,0.0,0.0,0.0,0.0,0.0,0.0
Simulation,115,0.0,0.0,0.0,0.0,0.0,0.0,0.0008423492662054215,0.0,2.4000000000000004,3.9,5.3999999999999995,6.0,6.990262601812895,6.801310049449617,5.3,3.5,0.4,0.0,0.0,0.0,0.0,0.0,0.0,0.0
Simulation,116,0.0,0.0,0.0,0.0,0.0,0.0,0.0005451329431553987,3.3,5.352206975823956,5.8999999999999995,7.371839609319311,7.7170953873244805,7.685572702917074,6.4,6.923555540626284,3.5,0.9,0.0,0.0,0.0,0.0,0.0,0.0,0.0
Simulation,117,0.0,0.0,0.0,0.0,0.0,0.0,0.0006231411712684713,0.0,4.5,4.3999999999999995,6.499999999999999,6.5,6.0,5.6000000000000005,3.8000000000000003,0.7,0.6,0.0,0.0,0.0,0.0,0.0,0.0,0.0
Simulation,118,0.0,0.0,0.0,0.0,0.0,0.0,0.0007767583786237244,3.7000000012965657,5.429479365794428,4.7,5.1,6.1,6.800000000000001,4.8,2.4888544516982805,0.2593663604209926,4.347295309009604,0.0,0.0,0.0,0.0,0.0,0.0,0.0
Simulation,119,0.0,0.0,0.0,0.0,0.0,0.0,0.0,0.0,5.366341282733028,4.3,5.5,6.499999999999999,6.300000000000001,5.0,3.0,3.817676026632615,1.7,0.0,0.0,0.0,0.0,0.0,0.0,0.0
Simulation,120,0.0,0.0,0.0,0.0,0.0,0.0,2.9270429854735952e-05,3.7000000084469082,2.4000000000000004,3.8,5.699999999999999,6.6,6.6000000000000005,5.8999999999999995,4.6000000000000005,0.3999999999999999,0.9,0.0,0.0,0.0,0.0,0.0,0.0,0.0
Simulation,121,0.0,0.0,0.0,0.0,0.0,0.0,0.0,3.2,2.4000000000000004,3.6999999999999997,5.4809872152545145,6.199999999999999,6.4,4.300000000000001,3.0,0.3970268149228289,2.3096492981169323,0.0,0.0,0.0,0.0,0.0,0.0,0.0
Simulation,122,0.0,0.0,0.0,0.0,0.0,0.0,0.0,3.0,4.2,3.9,5.699999999999999,5.8999999999999995,5.9,6.5,6.156648497776619,3.7349312238287773,1.7,0.0,0.0,0.0,0.0,0.0,0.0,0.0
Simulation,123,0.0,0.0,0.0,0.0,0.0,0.0,0.0,3.7000000104989437,4.4,6.285161296222527,7.073331417328275,7.614066624472985,6.2,6.585419681138986,5.5,3.2,1.3,0.0,0.0,0.0,0.0,0.0,0.0,0.0
Simulation,124,0.0,0.0,0.0,0.0,0.0,0.0,0.0009079776751218406,3.4000000000000004,1.8024838015798976,4.1,6.2,5.8999999999999995,6.5,6.3,2.8,0.11902909030026909,0.8,0.0,0.0,0.0,0.0,0.0,0.0,0.0
Simulation,125,0.0,0.0,0.0,0.0,0.0,0.0,0.0002784785179839373,0.0,2.3000000000000003,5.296604184489226,3.7279366325100503,4.69232894521082,4.146244804749156,4.5,5.3,2.7,0.4,0.0,0.0,0.0,0.0,0.0,0.0,0.0
Simulation,126,0.0,0.0,0.0,0.0,0.0,0.0,0.0009012718477729543,0.27885456795213215,5.1,5.699999999999999,7.214432702452541,7.25270178677641,7.517341739140482,7.684433685225574,7.978261421708087,5.4388859936140355,3.887797792559496,0.0,0.0,0.0,0.0,0.0,0.0,0.0
Simulation,127,0.0,0.0,0.0,0.0,0.0,0.0,0.0,2.8,2.2,3.9000000000000004,6.3999999999999995,6.4,5.7,4.6,2.9,0.0,1.1,0.0,0.0,0.0,0.0,0.0,0.0,0.0
Simulation,128,0.0,0.0,0.0,0.0,0.0,0.0,0.0006348112653334492,3.0999999999999996,1.77892975698916,3.6999999999999997,4.256204872323657,5.3999999999999995,3.718497444980068,3.753040015438676,1.974241596927106,0.0,1.7,0.0,0.0,0.0,0.0,0.0,0.0,0.0
Simulation,129,0.0,0.0,0.0,0.0,0.0,0.0,0.0,3.2,4.1,4.1376485032984505,5.999999999999999,5.8999999999999995,5.9,5.0,5.4,3.7874491860301305,0.2,0.0,0.0,0.0,0.0,0.0,0.0,0.0
Simulation,130,0.0,0.0,0.0,0.0,0.0,0.0,0.0005411093771188802,3.7000000708517673,2.6,5.0,6.5,5.8999999999999995,6.3,6.0,6.059390487681652,2.8,0.6,0.0,0.0,0.0,0.0,0.0,0.0,0.0
Simulation,131,0.0,0.0,0.0,0.0,0.0,0.0,0.0,2.8,2.3000000000000003,4.3,6.499999999999999,5.7,5.7,4.7,2.8000000000000003,3.4000000000000004,1.912754715419806,0.0,0.0,0.0,0.0,0.0,0.0,0.0
Simulation,132,0.0,0.0,0.0,0.0,0.0,0.0,1.8179605206389957e-05,3.700000045046109,5.587720324125535,4.4,6.7,6.7,5.4,4.3,2.4170112000254935,2.4000000000000004,0.1,0.0,0.0,0.0,0.0,0.0,0.0,0.0
Simulation,133,0.0,0.0,0.0,0.0,0.0,0.0,0.0009268807768506458,3.3,5.540984798921722,5.8999999999999995,6.8,7.502798655927093,7.462216994278692,6.6886492124631065,5.784938594428311,1.9000000000000001,1.9727617169803409,0.0,0.0,0.0,0.0,0.0,0.0,0.0
Simulation,134,0.0,0.0,0.0,0.0,0.0,0.0,0.0,2.8000000000000003,1.6662547847201528,1.2514692035588695,6.111306023526844,4.357959740753714,6.300000000000001,4.6,1.9120071848812312,0.17834330854548375,1.1,0.0,0.0,0.0,0.0,0.0,0.0,0.0
Simulation,135,0.0,0.0,0.0,0.0,0.0,0.0,0.0,3.700000006620675,5.895798102818638,6.235331776524769,6.6,5.8999999999999995,6.8,4.7,5.5,0.5990623041138134,1.5,0.0,0.0,0.0,0.0,0.0,0.0,0.0
Simulation,136,0.0,0.0,0.0,0.0,0.0,0.0,0.0007469229648199526,3.5,4.300000000000001,2.9747712859351623,4.7707392446973005,5.8,6.8,5.0,4.0,3.9074754694426765,0.4,0.0,0.0,0.0,0.0,0.0,0.0,0.0
Simulation,137,0.0,0.0,0.0,0.0,0.0,0.0,0.0006353360376460659,0.0,4.8,6.1,7.6349932655118025,7.20306831010851,7.6501700288042365,6.926858174924403,5.695963908293303,3.5,0.7,0.0,0.0,0.0,0.0,0.0,0.0,0.0
Simulation,138,0.0,0.0,0.0,0.0,0.0,0.0,0.0005423548728853544,0.0,1.6975777230934357,3.0328981375591004,6.3999999999999995,6.5,6.800000000000001,6.5291129585991925,5.1,3.5999999999999996,1.7,0.0,0.0,0.0,0.0,0.0,0.0,0.0
Simulation,139,0.0,0.0,0.0,0.0,0.0,0.0,0.0007345176032965772,3.7000012632674633,2.3000000000000003,2.019960399009314,4.816262922507147,5.4,5.4,4.076462461546671,4.7,2.0999999999999996,1.4,0.0,0.0,0.0,0.0,0.0,0.0,0.0
Simulation,140,0.0,0.0,0.0,0.0,0.0,0.0,0.0,3.700000015219285,5.688160958048028,5.8,6.3,6.8999999999999995,6.901971415541042,5.9,5.3999999999999995,3.0999999999999996,0.2,0.0,0.0,0.0,0.0,0.0,0.0,0.0
Simulation,141,0.0,0.0,0.0,0.0,0.0,0.0,0.0,0.0,2.5000000000000004,5.9,5.5,6.0,6.7,6.503302940433565,5.3999999999999995,3.3000000000000003,1.8367496147098699,0.0,0.0,0.0,0.0,0.0,0.0,0.0
Simulation,142,0.0,0.0,0.0,0.0,0.0,0.0,0.000910852128573461,3.7000000049946724,1.593337218831671,0.0,2.1166397700185486,2.5884012570112565,5.500000000000001,4.3,1.4071698853861871,0.0,0.1,0.0,0.0,0.0,0.0,0.0,0.0,0.0
Simulation,143,0.0,0.0,0.0,0.0,0.0,0.0,0.0,3.1,6.117229068172852,6.21796214549668,6.199999999999999,5.5,6.5,6.1000000000000005,5.3,3.5,1.3,0.0,0.0,0.0,0.0,0.0,0.0,0.0
Simulation,144,0.0,0.0,0.0,0.0,0.0,0.0,0.0,0.0,1.7057849578768156,3.6591562165896745,4.8395052525856785,5.8,6.300000000000001,4.770885107095938,2.8000000000000003,0.7,0.2,0.0,0.0,0.0,0.0,0.0,0.0,0.0
Simulation,145,0.0,0.0,0.0,0.0,0.0,0.0,0.0007377959240992785,2.8,1.7658068308876467,1.803702927968431,5.3999999999999995,5.6,7.021573841807857,6.0,5.818089877906371,4.978105587905713,1.5,0.0,0.0,0.0,0.0,0.0,0.0,0.0
Simulation,146,0.0,0.0,0.0,0.0,0.0,0.0,0.0008284039282551471,3.5,2.0958049376084955,3.9,5.900305505647106,6.5,6.993955140521216,7.011335673369393,6.807287186432155,3.8062107140396284,1.9685833869944407,0.0,0.0,0.0,0.0,0.0,0.0,0.0
Simulation,147,0.0,0.0,0.0,0.0,0.0,0.0,0.0005392076209882688,3.6999999999999997,4.1,4.4,6.456402245634274,5.8,5.9,6.3,4.449828175851917,0.0,0.7,0.0,0.0,0.0,0.0,0.0,0.0,0.0
Simulation,148,0.0,0.0,0.0,0.0,0.0,0.0,0.0,3.2,5.353710766588851,6.465277566189068,7.4061753123651215,7.380414204829627,7.568389895984515,5.8,5.913539475507979,3.0,0.1,0.0,0.0,0.0,0.0,0.0,0.0,0.0
Simulation,149,0.0,0.0,0.0,0.0,0.0,0.0,8.431646323463526e-05,3.700000001397078,5.50710029059947,6.273194826420909,7.277899756235483,6.8,5.7,5.8,5.0,3.9660681782628364,1.5999999999999999,0.0,0.0,0.0,0.0,0.0,0.0,0.0
Simulation,150,0.0,0.0,0.0,0.0,0.0,0.0,0.0,0.19999999999999996,2.3000000000000003,4.3,5.3999999999999995,5.8,6.5,4.7,5.300000000000001,3.2,1.7999999999999998,0.0,0.0,0.0,0.0,0.0,0.0,0.0
Simulation,151,0.0,0.0,0.0,0.0,0.0,0.0,0.0,0.10000000000000009,4.800000000000001,5.7,5.8,6.8999999999999995,6.7,7.490100111763812,5.268680891879882,4.373255342776136,4.015757535695364,0.0,0.0,0.0,0.0,0.0,0.0,0.0
Simulation,152,0.0,0.0,0.0,0.0,0.0,0.0,1.310769139387797e-05,3.0,2.2,4.199999999999999,5.1,5.5,6.500000000000001,6.6826323135129435,4.8918016307859,0.007195489207018069,1.3,0.0,0.0,0.0,0.0,0.0,0.0,0.0
Simulation,153,0.0,0.0,0.0,0.0,0.0,0.0,0.0,2.515614263573406,1.3926116789050993,3.7,3.0857029123539728,3.7688776376550823,3.012319948628534,2.7469105103877496,0.25253433102248435,0.10954626920830246,1.3,0.0,0.0,0.0,0.0,0.0,0.0,0.0
Simulation,154,0.0,0.0,0.0,0.0,0.0,0.0,0.0,2.8896448653807454,4.699999999999999,3.8,5.3,6.3999999999999995,5.7,5.2,5.945230950732889,1.958169481060236,1.6,0.0,0.0,0.0,0.0,0.0,0.0,0.0
Simulation,155,0.0,0.0,0.0,0.0,0.0,0.0,0.0,3.1,4.4,6.579124201031277,6.6,6.5,7.45096585068281,6.2,5.60493771410315,3.6000000000000005,1.1880706098916534,0.0,0.0,0.0,0.0,0.0,0.0,0.0
Simulation,156,0.0,0.0,0.0,0.0,0.0,0.0,8.461899019179773e-05,3.0,2.4000000000000004,4.8999999999999995,5.6,6.6,5.960849329226625,5.5,2.7,3.4000000000000004,0.1,0.0,0.0,0.0,0.0,0.0,0.0,0.0
Simulation,157,0.0,0.0,0.0,0.0,0.0,0.0,0.0,2.7,2.3000000000000003,3.6,4.972398007789772,5.157539924185694,6.300000000000001,5.091222265537436,6.324756151684294,2.8999999999999995,0.1,0.0,0.0,0.0,0.0,0.0,0.0,0.0
Simulation,158,0.0,0.0,0.0,0.0,0.0,0.0,0.0005564242954691698,0.19999999999999996,4.700000000000001,6.041602015264391,5.6,6.0,5.5,6.741769368904613,5.1,3.5,0.2,0.0,0.0,0.0,0.0,0.0,0.0,0.0
Simulation,159,0.0,0.0,0.0,0.0,0.0,0.0,0.0,0.0,2.000134407023264,5.301468203421502,6.000558898616322,5.6,6.4,6.3,5.685999951628526,4.015583313634543,0.9,0.0,0.0,0.0,0.0,0.0,0.0,0.0
Simulation,160,0.0,0.0,0.0,0.0,0.0,0.0,0.0005055426646618559,2.715311571624885,5.2,5.7,6.6,6.6,6.1000000000000005,5.8999999999999995,5.2,5.031973393541685,1.8626332812801776,0.0,0.0,0.0,0.0,0.0,0.0,0.0
Simulation,161,0.0,0.0,0.0,0.0,0.0,0.0,0.0009023173339191609,0.10000000000000009,1.9466332751440452,3.9000000000000004,6.6,6.5,5.6000000000000005,6.3,2.8000000000000003,3.5,1.3,0.0,0.0,0.0,0.0,0.0,0.0,0.0
Simulation,162,0.0,0.0,0.0,0.0,0.0,0.0,0.0,2.8000000000000003,2.5,5.2,5.6,5.6,5.8,4.6000000000000005,2.473257227529638,0.0,0.2,0.0,0.0,0.0,0.0,0.0,0.0,0.0
Simulation,163,0.0,0.0,0.0,0.0,0.0,0.0,0.0,3.2,2.6,5.6,6.5,5.6,5.19263178053583,5.5,5.2,4.181771741689063,1.2,0.0,0.0,0.0,0.0,0.0,0.0,0.0
Simulation,164,0.0,0.0,0.0,0.0,0.0,0.0,8.842018714389776e-05,3.700000031102486,4.800000000000001,4.8999999999999995,6.8,7.0,7.095798168585545,3.424138992681147,2.9,0.3999999999999999,1.7,0.0,0.0,0.0,0.0,0.0,0.0,0.0
Simulation,165,0.0,0.0,0.0,0.0,0.0,0.0,0.0,3.0,2.5,5.8999999999999995,5.8999999999999995,7.0,5.8,4.8999999999999995,2.5999999999999996,2.4016241989012515,1.1,0.0,0.0,0.0,0.0,0.0,0.0,0.0
Simulation,166,0.0,0.0,0.0,0.0,0.0,0.0,0.00026527737550975324,2.5,2.4000000000000004,2.502520381721854,4.2258487268752765,4.951435109989575,5.057454475161446,4.699999999999999,2.7,0.6000000000000001,1.8807418140535976,0.0,0.0,0.0,0.0,0.0,0.0,0.0
Simulation,167,0.0,0.0,0.0,0.0,0.0,0.0,0.0,0.0,2.6,4.330053462823321,6.0,6.4,5.6000000000000005,4.184510151719855,2.7,3.8489237561023515,0.1,0.0,0.0,0.0,0.0,0.0,0.0,0.0
Simulation,168,0.0,0.0,0.0,0.0,0.0,0.0,0.0,3.7000000109540143,2.4000000000000004,4.1,6.5,7.015355609077623,6.3999999999999995,5.8,2.8000000000000003,3.7278532252360357,1.5999999999999999,0.0,0.0,0.0,0.0,0.0,0.0,0.0
Simulation,169,0.0,0.0,0.0,0.0,0.0,0.0,0.0008155048440156544,3.4,4.4,5.878406461889824,7.050993985032598,6.3999999999999995,6.1000000000000005,4.3999999999999995,2.7,3.0999999999999996,0.3,0.0,0.0,0.0,0.0,0.0,0.0,0.0
Simulation,170,0.0,0.0,0.0,0.0,0.0,0.0,0.0,3.2,4.5,2.9241370688118993,4.683312885489265,6.2,6.0,6.0,2.6999999999999997,0.18165835941058872,1.7,0.0,0.0,0.0,0.0,0.0,0.0,0.0
Simulation,171,0.0,0.0,0.0,0.0,0.0,0.0,0.0009230530050812289,0.0,2.2,6.0,6.6,6.199999999999999,5.9,4.4,2.4864022285775205,0.2192236670804839,1.6,0.0,0.0,0.0,0.0,0.0,0.0,0.0
Simulation,172,0.0,0.0,0.0,0.0,0.0,0.0,0.00034551740609648114,2.5,5.3010938301999815,5.486638828157231,6.6,6.3,5.800000000000001,6.85599956330814,5.6360175540405,3.724350887181542,1.4,0.0,0.0,0.0,0.0,0.0,0.0,0.0
Simulation,173,0.0,0.0,0.0,0.0,0.0,0.0,0.0,0.0,4.7,6.710488507885816,6.3,5.2623840518574765,3.867691869112678,3.877234386102403,2.6000000000000005,0.21479970969862694,1.8504172028982815,0.0,0.0,0.0,0.0,0.0,0.0,0.0
Simulation,174,0.0,0.0,0.0,0.0,0.0,0.0,0.0,3.0,2.2,4.2,6.1,6.2,5.300000000000001,5.8,4.6,0.20817507303933058,1.3,0.0,0.0,0.0,0.0,0.0,0.0,0.0
Simulation,175,0.0,0.0,0.0,0.0,0.0,0.0,0.0,3.3,2.3000000000000003,4.655269410752797,6.5,6.3,5.9,2.6959385376779528,2.5999999999999996,3.5,1.4,0.0,0.0,0.0,0.0,0.0,0.0,0.0
Simulation,176,0.0,0.0,0.0,0.0,0.0,0.0,0.0,3.7000000016044403,5.2,2.861782633656853,4.2667835426526235,4.337890572801569,4.704368757601705,2.5513830463816958,2.3384439181361243,1.0,0.9,0.0,0.0,0.0,0.0,0.0,0.0,0.0
Simulation,177,0.0,0.0,0.0,0.0,0.0,0.0,0.0,0.0,4.1,5.6,5.199999999999999,5.8999999999999995,5.800000000000001,6.199999999999999,5.2,3.4000000000000004,0.9,0.0,0.0,0.0,0.0,0.0,0.0,0.0
Simulation,178,0.0,0.0,0.0,0.0,0.0,0.0,0.0,0.0,2.4000000000000004,4.6,6.6,5.9,5.4,4.8,4.9,3.100642879672438,3.0643628024867295,0.0,0.0,0.0,0.0,0.0,0.0,0.0
Simulation,179,0.0,0.0,0.0,0.0,0.0,0.0,0.0,0.20000000000000018,2.4000000000000004,4.6000000000000005,6.0,6.3,6.0,5.9,5.3,3.0999999999999996,1.4,0.0,0.0,0.0,0.0,0.0,0.0,0.0
Simulation,180,0.0,0.0,0.0,0.0,0.0,0.0,0.0,1.7149558208199451,1.9643197122396883,4.5,6.299999999999999,6.6,4.501164756608935,5.0,5.6,0.28812127488041206,0.6,0.0,0.0,0.0,0.0,0.0,0.0,0.0
Simulation,181,0.0,0.0,0.0,0.0,0.0,0.0,0.0008737368061855293,3.2,6.049591972871421,7.31873544904048,7.4525962521072255,6.8,6.7,6.736288850589391,5.2,3.2820997384762904,0.2,0.0,0.0,0.0,0.0,0.0,0.0,0.0
Simulation,182,0.0,0.0,0.0,0.0,0.0,0.0,0.00026699185037963813,3.2,5.3,3.9999999999999996,5.8,5.4,5.040828825964823,5.8999999999999995,5.672463349971016,3.0999999999999996,1.1,0.0,0.0,0.0,0.0,0.0,0.0,0.0
Simulation,183,0.0,0.0,0.0,0.0,0.0,0.0,9.948289998719167e-05,0.19999999999999996,0.48708432818901715,3.255780445990752,4.634647876946307,4.649156744064181,3.794592705198169,4.4,2.7,1.9000000000000001,1.9405388661537755,0.0,0.0,0.0,0.0,0.0,0.0,0.0
Simulation,184,0.0,0.0,0.0,0.0,0.0,0.0,0.0008709782904262357,3.3000000000000003,5.387663388664833,3.8,6.6,6.1,6.924203124857603,7.03534578900495,5.609074289734169,2.7,1.4,0.0,0.0,0.0,0.0,0.0,0.0,0.0
Simulation,185,0.0,0.0,0.0,0.0,0.0,0.0,4.942242571603028e-05,0.0,1.651917169617926,3.6999999999999997,5.1,5.3999999999999995,6.300000000000001,4.3999999999999995,5.5,3.6000000000000005,2.2831979901467974,0.0,0.0,0.0,0.0,0.0,0.0,0.0
Simulation,186,0.0,0.0,0.0,0.0,0.0,0.0,0.0,0.0,0.6617795628695036,0.7260191667790821,3.841742441069701,5.144968445157029,5.8,4.9,4.9,0.762518200352855,1.1,0.0,0.0,0.0,0.0,0.0,0.0,0.0
Simulation,187,0.0,0.0,0.0,0.0,0.0,0.0,0.0,3.700000000426658,5.65144430065825,6.6245903655275695,7.35987182319794,6.0,6.4,7.226008981812111,5.2,3.2,1.4,0.0,0.0,0.0,0.0,0.0,0.0,0.0
Simulation,188,0.0,0.0,0.0,0.0,0.0,0.0,0.0,0.0,2.5,6.256215816420089,6.9225791085156185,6.9,5.4,6.2,2.6,3.2,1.6,0.0,0.0,0.0,0.0,0.0,0.0,0.0
Simulation,189,0.0,0.0,0.0,0.0,0.0,0.0,0.0,3.7000004544885696,4.6,4.4,5.8,6.0,6.0,5.3,5.889325815372436,3.4000000000000004,1.7,0.0,0.0,0.0,0.0,0.0,0.0,0.0
Simulation,190,0.0,0.0,0.0,0.0,0.0,0.0,0.0,3.1508301541011603,2.027140429787063,3.8999999999999995,6.2,6.3999999999999995,6.3,5.7,6.44128106023274,3.5,1.6812257716974783,0.0,0.0,0.0,0.0,0.0,0.0,0.0
Simulation,191,0.0,0.0,0.0,0.0,0.0,0.0,0.0,2.6999999999999997,5.587220621398637,6.378873172134815,6.991377164951174,6.3,6.8,5.4,5.3,3.0999999999999996,1.2,0.0,0.0,0.0,0.0,0.0,0.0,0.0
Simulation,192,0.0,0.0,0.0,0.0,0.0,0.0,0.0,3.0,5.370342779544552,5.7,6.1,4.826428788203027,4.297610336621503,4.4,2.7,3.1,0.9,0.0,0.0,0.0,0.0,0.0,0.0,0.0
Simulation,193,0.0,0.0,0.0,0.0,0.0,0.0,0.0,0.0,1.8490588468929054,3.7,5.6,5.8,6.300000000000001,2.51182280643527,3.5000000000000004,3.6950492746789276,2.028078737610837,0.0,0.0,0.0,0.0,0.0,0.0,0.0
Simulation,194,0.0,0.0,0.0,0.0,0.0,0.0,0.0,2.6254304545524176,1.9491521701394219,4.199999999999999,4.966322006123651,6.0,5.7,5.9,3.9137824191899457,0.5,1.2,0.0,0.0,0.0,0.0,0.0,0.0,0.0
Simulation,195,0.0,0.0,0.0,0.0,0.0,0.0,0.0,3.7000000115759324,5.5088941896749635,5.9,6.9698618762405005,4.8783386053866264,5.7,6.3999999999999995,4.8999999999999995,0.4999999999999998,1.4,0.0,0.0,0.0,0.0,0.0,0.0,0.0
Simulation,196,0.0,0.0,0.0,0.0,0.0,0.0,0.0008914097248369428,3.2,1.276915004566395,1.1951339791526636,5.3999999999999995,4.754605168219704,5.4,4.699999999999999,2.7,0.24792950218494592,1.6,0.0,0.0,0.0,0.0,0.0,0.0,0.0
Simulation,197,0.0,0.0,0.0,0.0,0.0,0.0,0.00022454145013909725,3.2,5.440211058375692,6.1,7.074403557090737,6.7,6.1,6.680454383709088,2.8000000000000003,3.0,0.6,0.0,0.0,0.0,0.0,0.0,0.0,0.0
Simulation,198,0.0,0.0,0.0,0.0,0.0,0.0,0.0,2.5,5.1,5.9,7.585963729292452,7.327831612095931,6.4,6.5,2.9,0.7525191798909134,0.5,0.0,0.0,0.0,0.0,0.0,0.0,0.0
Simulation,199,0.0,0.0,0.0,0.0,0.0,0.0,0.00027398872696624205,3.3,4.7,6.169587382010285,5.699999999999999,5.8,4.860749368885013,4.7,2.487979859859829,3.1,0.9,0.0,0.0,0.0,0.0,0.0,0.0,0.0
Simulation,200,0.0,0.0,0.0,0.0,0.0,0.0,0.0,0.0,1.5879699110068626,1.6115678888334184,2.5508771635654965,4.089871201404938,2.317345454773709,4.3,2.8,0.15098089344091048,0.4,0.0,0.0,0.0,0.0,0.0,0.0,0.0
Simulation,201,0.0,0.0,0.0,0.0,0.0,0.0,0.0,3.6,4.9,6.100140704905368,6.5,7.0,7.077525048079038,6.3,5.70399729958509,3.0,1.7,0.0,0.0,0.0,0.0,0.0,0.0,0.0
Simulation,202,0.0,0.0,0.0,0.0,0.0,0.0,2.946299246019864e-05,2.9000000000000004,2.2,4.2,5.5,5.020510372887456,5.5,3.5616975247480345,2.5999999999999996,0.22353426672411314,0.3,0.0,0.0,0.0,0.0,0.0,0.0,0.0
Simulation,203,0.0,0.0,0.0,0.0,0.0,0.0,0.0,2.8000000000000003,2.3000000000000003,3.681023894541063,5.3,5.244192606300391,6.0,4.5,4.6,3.0,1.6,0.0,0.0,0.0,0.0,0.0,0.0,0.0
Simulation,204,0.0,0.0,0.0,0.0,0.0,0.0,0.0,2.5,5.1,6.604420900828102,6.4,5.8999999999999995,5.6000000000000005,4.9,6.2081642739086424,3.8641359078100974,1.9061770108187728,0.0,0.0,0.0,0.0,0.0,0.0,0.0
Simulation,205,0.0,0.0,0.0,0.0,0.0,0.0,0.0009060910966961114,3.2,1.3583201877301647,0.48727025465363205,2.713799441741764,4.5299636633988065,4.12104333884965,2.6054370646317677,2.24883712783204,0.0,0.1,0.0,0.0,0.0,0.0,0.0,0.0,0.0
Simulation,206,0.0,0.0,0.0,0.0,0.0,0.0,0.0,3.1,2.5,5.3,5.1,5.209667571434398,5.4,4.3999999999999995,2.2126423833168403,2.1084195057836097,1.928098944567398,0.0,0.0,0.0,0.0,0.0,0.0,0.0
Simulation,207,0.0,0.0,0.0,0.0,0.0,0.0,0.0,2.5,2.9,4.2,6.699999999999999,6.3999999999999995,7.552024300174131,6.5,3.7686346308555754,0.2159298537003005,0.3,0.0,0.0,0.0,0.0,0.0,0.0,0.0
Simulation,208,0.0,0.0,0.0,0.0,0.0,0.0,0.0,3.5,2.4000000000000004,1.7837814939395051,5.3999999999999995,6.8999999999999995,7.151157054945719,4.8999999999999995,5.0,0.1405224627906272,1.2,0.0,0.0,0.0,0.0,0.0,0.0,0.0
Simulation,209,0.0,0.0,0.0,0.0,0.0,0.0,0.0007502161150569045,0.0,4.4,6.1,6.3999999999999995,6.8,6.1000000000000005,4.5,3.100089058772571,0.16437710460496358,1.6,0.0,0.0,0.0,0.0,0.0,0.0,0.0
Simulation,210,0.0,0.0,0.0,0.0,0.0,0.0,0.0006373937928808864,3.6999999999999997,2.4000000000000004,6.0,6.199999999999999,6.0,6.0,6.4,5.757246956372252,0.13562251514026324,0.2,0.0,0.0,0.0,0.0,0.0,0.0,0.0
Simulation,211,0.0,0.0,0.0,0.0,0.0,0.0,0.0007792251010510265,2.9000000000000004,5.1,4.2,6.0,6.4,4.727801201586432,4.495934258136162,2.6000000000000005,0.7989050710348096,1.3,0.0,0.0,0.0,0.0,0.0,0.0,0.0
Simulation,212,0.0,0.0,0.0,0.0,0.0,0.0,0.0,2.469654743787056,2.2,5.6000000000000005,6.699999999999999,6.3999999999999995,5.7,4.6,2.310707187987447,3.0,1.4,0.0,0.0,0.0,0.0,0.0,0.0,0.0
Simulation,213,0.0,0.0,0.0,0.0,0.0,0.0,0.0,2.8,2.3000000000000003,1.9082747344215658,4.923932109462661,5.499999999999999,5.9,4.9,2.9,0.23526111647711057,0.7,0.0,0.0,0.0,0.0,0.0,0.0,0.0
Simulation,214,0.0,0.0,0.0,0.0,0.0,0.0,0.0,3.5999999999999996,4.1,4.3081692945109955,5.3999999999999995,6.3,6.3,5.6,2.8,2.6305590210154093,0.6,0.0,0.0,0.0,0.0,0.0,0.0,0.0
Simulation,215,0.0,0.0,0.0,0.0,0.0,0.0,0.000828251233293847,3.2,1.8693354227145742,2.99735180346321,4.824648988473726,5.6000000000000005,6.800000000000001,5.8,3.5,0.9380558599755375,1.2999999999999998,0.0,0.0,0.0,0.0,0.0,0.0,0.0
Simulation,216,0.0,0.0,0.0,0.0,0.0,0.0,1.389912484491951e-05,0.0,2.5,5.268733403914178,7.114969683422437,7.163586474713392,7.195290759508651,5.8999999999999995,3.0,0.40000000000000013,1.6672081375771313,0.0,0.0,0.0,0.0,0.0,0.0,0.0
Simulation,217,0.0,0.0,0.0,0.0,0.0,0.0,0.0,3.3,2.3000000000000003,4.0,5.5,5.4,4.413596380934591,3.944793276876491,2.6000000000000005,0.4999999999999998,2.106139264890369,0.0,0.0,0.0,0.0,0.0,0.0,0.0
Simulation,218,0.0,0.0,0.0,0.0,0.0,0.0,0.0,2.5961106008642076,2.3000000000000003,4.1,6.0,5.3999999999999995,5.8,5.1000000000000005,4.782185848965241,1.8,0.4,0.0,0.0,0.0,0.0,0.0,0.0,0.0
Simulation,219,0.0,0.0,0.0,0.0,0.0,0.0,0.0007788043092715753,0.0,2.3000000000000003,2.20378611190307,6.3999999999999995,5.8,6.906637506951065,6.0,5.4,3.7337840821860153,1.4,0.0,0.0,0.0,0.0,0.0,0.0,0.0
Simulation,220,0.0,0.0,0.0,0.0,0.0,0.0,0.0,1.5999999999999999,2.5,4.597031869470916,6.334970611616631,7.0,6.7,6.550021949667194,4.5,0.5000000000000002,0.9,0.0,0.0,0.0,0.0,0.0,0.0,0.0
Simulation,221,0.0,0.0,0.0,0.0,0.0,0.0,0.0007019727566868649,3.7000000075562576,5.530902992433727,5.699999999999999,6.5,6.8999999999999995,6.996404121266387,5.8,5.3999999999999995,3.2,1.4021159104795944,0.0,0.0,0.0,0.0,0.0,0.0,0.0
Simulation,222,0.0,0.0,0.0,0.0,0.0,0.0,0.0,3.3,2.5562899632273828,4.2,6.699999999999999,7.647029730425988,6.6000000000000005,6.2,5.702663316077669,0.22633440244415737,0.1,0.0,0.0,0.0,0.0,0.0,0.0,0.0
Simulation,223,0.0,0.0,0.0,0.0,0.0,0.0,0.0,0.0,2.6,3.4823383250633926,6.3,6.1,5.9,5.1,5.717400489703357,3.4000000000000004,1.6,0.0,0.0,0.0,0.0,0.0,0.0,0.0
Simulation,224,0.0,0.0,0.0,0.0,0.0,0.0,0.0,3.1,2.2,3.6999999999999997,5.1,5.6,5.3,6.1000000000000005,4.0,3.6620867285805114,1.2513522186334254,0.0,0.0,0.0,0.0,0.0,0.0,0.0
Simulation,225,0.0,0.0,0.0,0.0,0.0,0.0,0.0,3.6999999999999997,5.510004903363095,6.546463019162656,6.799999999999999,7.524833196513874,6.6000000000000005,4.5,5.0,2.5,1.0,0.0,0.0,0.0,0.0,0.0,0.0,0.0
Simulation,226,0.0,0.0,0.0,0.0,0.0,0.0,0.0,3.4,5.2,6.167380468513164,6.6,5.699999999999999,6.7,7.434996352681924,5.5,3.859211895636692,0.2,0.0,0.0,0.0,0.0,0.0,0.0,0.0
Simulation,227,0.0,0.0,0.0,0.0,0.0,0.0,0.0005417966266985049,3.700000021638793,5.768079581702308,6.275674924065698,7.0252125274664134,6.3999999999999995,5.9,6.0,5.3999999999999995,3.0,1.1,0.0,0.0,0.0,0.0,0.0,0.0,0.0
Simulation,228,0.0,0.0,0.0,0.0,0.0,0.0,0.0,3.3000000000000003,4.700000000000001,6.480955526990399,7.30096778923954,6.5,6.4,6.2,5.3999999999999995,2.7913092143513265,1.2999999999999998,0.0,0.0,0.0,0.0,0.0,0.0,0.0
Simulation,229,0.0,0.0,0.0,0.0,0.0,0.0,0.0007841647985846904,0.0,0.7417998419049794,3.6999999999999997,5.8,6.0,7.098437863840045,6.981143046541618,5.3999999999999995,1.1410319995787688,0.18525538563330138,0.0,0.0,0.0,0.0,0.0,0.0,0.0
Simulation,230,0.0,0.0,0.0,0.0,0.0,0.0,0.0006905874115455833,3.0,5.349241618101566,5.3,5.8,6.3999999999999995,6.000000000000001,6.3,5.5,3.5,1.152258207841868,0.0,0.0,0.0,0.0,0.0,0.0,0.0
Simulation,231,0.0,0.0,0.0,0.0,0.0,0.0,0.0,3.7003726855899908,5.735307923444788,6.329439873322111,7.023721049574319,7.379952511448464,6.000000000000001,4.5,2.9,0.5999999999999999,0.4,0.0,0.0,0.0,0.0,0.0,0.0,0.0
Simulation,232,0.0,0.0,0.0,0.0,0.0,0.0,0.0008943788779654381,3.1,4.5,4.5,6.6,6.5,5.3999999999999995,2.4553868718300444,2.8000000000000003,0.40000000000000013,1.7,0.0,0.0,0.0,0.0,0.0,0.0,0.0
Simulation,233,0.0,0.0,0.0,0.0,0.0,0.0,0.00017546365354228244,3.5999999999999996,1.593281967788104,2.196900604351238,5.3,5.5,3.4813592481496096,4.322921278332803,5.3,3.83236741415681,0.2,0.0,0.0,0.0,0.0,0.0,0.0,0.0
Simulation,234,0.0,0.0,0.0,0.0,0.0,0.0,4.877300556922829e-06,2.5999999999999996,4.6,5.537923766018582,6.8,6.8,6.5,5.800000000000001,5.5,3.4000000000000004,0.3,0.0,0.0,0.0,0.0,0.0,0.0,0.0
Simulation,235,0.0,0.0,0.0,0.0,0.0,0.0,0.0,3.2,2.4000000000000004,3.9000000000000004,5.4,5.8,5.6,4.3999999999999995,2.3557676214454952,0.0726094419718819,1.1,0.0,0.0,0.0,0.0,0.0,0.0,0.0
Simulation,236,0.0,0.0,0.0,0.0,0.0,0.0,0.0,2.5,2.3000000000000003,3.8,5.9,6.3999999999999995,5.048087972492113,6.166624922932783,4.3,0.29513095928174793,0.3,0.0,0.0,0.0,0.0,0.0,0.0,0.0
Simulation,237,0.0,0.0,0.0,0.0,0.0,0.0,0.0,0.19999999999999996,4.5,4.3,5.699999999999999,5.26757909820933,5.8,4.6000000000000005,5.615475056006536,1.7,1.1,0.0,0.0,0.0,0.0,0.0,0.0,0.0
Simulation,238,0.0,0.0,0.0,0.0,0.0,0.0,3.6129298653846974e-06,3.1999999999999997,2.4000000000000004,3.5999999999999996,5.3999999999999995,7.244572001377381,6.8999999999999995,4.918845965433793,5.5,4.615940352879078,4.674658527488223,0.0,0.0,0.0,0.0,0.0,0.0,0.0
Simulation,239,0.0,0.0,0.0,0.0,0.0,0.0,0.0,3.2,4.300000000000001,4.7,6.8,6.8,7.752942775282473,7.2162294147039265,6.0103095359728105,3.5,1.6,0.0,0.0,0.0,0.0,0.0,0.0,0.0
Simulation,240,0.0,0.0,0.0,0.0,0.0,0.0,0.0,3.3515774390764848,2.4000000000000004,3.6664759962673132,4.884516152478282,5.7,4.854044238933489,4.8,2.8000000000000003,3.5,1.6,0.0,0.0,0.0,0.0,0.0,0.0,0.0
Simulation,241,0.0,0.0,0.0,0.0,0.0,0.0,0.0,3.7000000009578953,5.503050280425644,6.1,6.499999999999999,5.8,5.6,5.9,4.9,2.4,1.4,0.0,0.0,0.0,0.0,0.0,0.0,0.0
Simulation,242,0.0,0.0,0.0,0.0,0.0,0.0,0.0006374313818440748,0.0,4.9,6.121321449587523,6.1,7.069135623202092,7.445409493498334,5.2,5.1000000000000005,3.5,1.9451584180911319,0.0,0.0,0.0,0.0,0.0,0.0,0.0
Simulation,243,0.0,0.0,0.0,0.0,0.0,0.0,8.683279566388131e-05,0.0,0.997923782015746,2.9757932129507085,4.477107890616715,4.93018744784507,3.13969256034978,4.3,2.4423132483935825,3.1000000000000005,2.0580441699732157,0.0,0.0,0.0,0.0,0.0,0.0,0.0
Simulation,244,0.0,0.0,0.0,0.0,0.0,0.0,3.311517106713082e-05,0.5540343536970398,4.9,4.3,6.24554303385051,7.578331085751463,6.929069718572132,5.7,5.480683579642084,3.8196688394926026,2.7799394900557206,0.0,0.0,0.0,0.0,0.0,0.0,0.0
Simulation,245,0.0,0.0,0.0,0.0,0.0,0.0,0.0009096993377470009,1.499316805006113,0.9250640501335314,3.6999999999999997,5.6,5.8999999999999995,5.839135222089664,6.2,5.8731535947961895,0.0,1.3,0.0,0.0,0.0,0.0,0.0,0.0,0.0
Simulation,246,0.0,0.0,0.0,0.0,0.0,0.0,0.0,3.7000003470041483,4.6,5.7,5.8999999999999995,5.3999999999999995,5.3999999999999995,4.6000000000000005,2.417936944214451,0.01993626226125178,1.3,0.0,0.0,0.0,0.0,0.0,0.0,0.0
Simulation,247,0.0,0.0,0.0,0.0,0.0,0.0,0.0,3.7000000011678993,2.6,5.8,7.288779146243085,7.0,7.376147043566427,6.608317814854616,5.755862240319347,3.7108079987925207,1.5,0.0,0.0,0.0,0.0,0.0,0.0,0.0
Simulation,248,0.0,0.0,0.0,0.0,0.0,0.0,0.0,3.2,5.1,6.0,7.1417050170371414,6.8999999999999995,6.0,3.3588369661537785,2.6999999999999997,1.9000000000000001,1.3,0.0,0.0,0.0,0.0,0.0,0.0,0.0
Simulation,249,0.0,0.0,0.0,0.0,0.0,0.0,0.0009012017017770616,1.5999999999999999,4.9,5.199999999999999,6.070704668414941,6.699999999999999,6.300000000000001,5.8,2.6,3.3999999999999995,0.3,0.0,0.0,0.0,0.0,0.0,0.0,0.0
Simulation,250,0.0,0.0,0.0,0.0,0.0,0.0,0.0009272088601455944,3.700000058350595,2.6,3.9,3.8704177662358266,6.0,6.3,6.3999999999999995,3.364199206312702,0.4999999999999998,0.8877060786327717,0.0,0.0,0.0,0.0,0.0,0.0,0.0
Simulation,251,0.0,0.0,0.0,0.0,0.0,0.0,0.00028230484679601817,2.6999999999999997,5.1,6.0,6.7,7.771895766761659,7.678671593806743,5.0,5.952972042978731,1.9000000000000001,4.334944293907263,0.0,0.0,0.0,0.0,0.0,0.0,0.0
Simulation,252,0.0,0.0,0.0,0.0,0.0,0.0,0.0006899354314455026,3.7000000036179723,4.699999999999999,4.0,6.3999999999999995,5.7,6.9293093608906515,5.8,5.5,3.5999999999999996,1.7,0.0,0.0,0.0,0.0,0.0,0.0,0.0
Simulation,253,0.0,0.0,0.0,0.0,0.0,0.0,0.0008984591814319106,0.0,2.4000000000000004,4.1000000000000005,6.7,7.043717831722449,6.800000000000001,6.5,5.3,0.14871152612435057,1.4,0.0,0.0,0.0,0.0,0.0,0.0,0.0
Simulation,254,0.0,0.0,0.0,0.0,0.0,0.0,0.0007026135649880768,3.0,5.1000000000000005,6.1,6.886787755573624,6.2,6.9,4.8,5.1,0.28694024711851385,2.0542733590356557,0.0,0.0,0.0,0.0,0.0,0.0,0.0
Simulation,255,0.0,0.0,0.0,0.0,0.0,0.0,0.0,3.2,2.5,4.465622254858789,7.359463192296978,7.204634046123706,6.91760687783622,4.6,5.0,0.3999999999999999,1.1,0.0,0.0,0.0,0.0,0.0,0.0,0.0
Simulation,256,0.0,0.0,0.0,0.0,0.0,0.0,0.0,0.0,1.9461013207173727,3.6999999999999997,4.71369821030844,4.139102235948471,5.30565566325733,5.9,2.2537608169461407,3.3000000000000003,1.7,0.0,0.0,0.0,0.0,0.0,0.0,0.0
Simulation,257,0.0,0.0,0.0,0.0,0.0,0.0,0.0,0.19999999999999996,2.4000000000000004,3.8999999999999995,5.199999999999999,5.8,5.152085928980181,5.3,5.0,3.979491956470266,0.4781530997094293,0.0,0.0,0.0,0.0,0.0,0.0,0.0
Simulation,258,0.0,0.0,0.0,0.0,0.0,0.0,0.0,3.700000001547725,4.7,4.1000000000000005,6.2,6.8999999999999995,7.008164168209562,5.8,5.86587723233089,0.13810174104310047,0.3,0.0,0.0,0.0,0.0,0.0,0.0,0.0
Simulation,259,0.0,0.0,0.0,0.0,0.0,0.0,0.0008052057084894578,1.5999999999999999,5.0,6.895572092527658,7.425210568476229,7.795158606355093,6.7,6.0,5.7625687457206745,4.42257061797605,2.0188611823295903,0.0,0.0,0.0,0.0,0.0,0.0,0.0
Simulation,260,0.0,0.0,0.0,0.0,0.0,0.0,0.00031168054815565964,0.10000000000000009,3.5,4.7,6.823199813469417,6.0,5.7,3.5836590856634896,2.8,0.12909352838462151,0.1,0.0,0.0,0.0,0.0,0.0,0.0,0.0
Simulation,261,0.0,0.0,0.0,0.0,0.0,0.0,0.0,2.4,1.9241417202555497,3.6,4.838925542376322,4.496667376245721,4.172404590795551,2.6772978569169794,2.1026121804789764,1.475706969551834,0.20194693479372677,0.0,0.0,0.0,0.0,0.0,0.0,0.0
Simulation,262,0.0,0.0,0.0,0.0,0.0,0.0,0.0,3.0,2.2,3.6999999999999997,5.3999999999999995,6.2,6.3,4.7,2.9,0.40000000000000013,1.3,0.0,0.0,0.0,0.0,0.0,0.0,0.0
Simulation,263,0.0,0.0,0.0,0.0,0.0,0.0,0.0,3.194910076215589,2.4000000000000004,4.8999999999999995,6.3999999999999995,7.022812245251563,6.9,7.281683075575029,6.468970625573036,2.9000000000000004,1.7,0.0,0.0,0.0,0.0,0.0,0.0,0.0
Simulation,264,0.0,0.0,0.0,0.0,0.0,0.0,0.00021952922317251618,2.6,5.471116676672172,6.291194684449781,7.124653514359589,5.7,5.9,5.0,1.729465751314255,0.025984421041447492,1.3,0.0,0.0,0.0,0.0,0.0,0.0,0.0
Simulation,265,0.0,0.0,0.0,0.0,0.0,0.0,9.61455327313842e-06,2.4,2.2,4.1,4.972378510751918,5.5,4.197222488094993,4.7,4.6000000000000005,2.8,1.1,0.0,0.0,0.0,0.0,0.0,0.0,0.0
Simulation,266,0.0,0.0,0.0,0.0,0.0,0.0,0.0008289054948402309,3.2,5.969524512984373,6.257760805912204,6.875446903888136,6.8999999999999995,5.9,6.0,2.7,3.1,0.3,0.0,0.0,0.0,0.0,0.0,0.0,0.0
Simulation,267,0.0,0.0,0.0,0.0,0.0,0.0,0.0007710128593501717,3.3,6.033509927771744,4.3,5.5,5.8,5.8,5.6,2.7,3.2,1.5,0.0,0.0,0.0,0.0,0.0,0.0,0.0
Simulation,268,0.0,0.0,0.0,0.0,0.0,0.0,0.0,3.0,2.3000000000000003,2.0286181141902695,3.8019368076013524,1.710567436945536,3.7057422648156817,4.3999999999999995,2.2762851518557516,0.1236173300497001,0.5,0.0,0.0,0.0,0.0,0.0,0.0,0.0
Simulation,269,0.0,0.0,0.0,0.0,0.0,0.0,0.0,3.7000000002169378,4.800000000000001,5.9,6.3,6.1,5.5,4.06517462860715,3.9000000000000004,3.691536196923028,1.4,0.0,0.0,0.0,0.0,0.0,0.0,0.0
Simulation,270,0.0,0.0,0.0,0.0,0.0,0.0,0.0,0.0,2.1999999999999997,3.1854270235503717,4.065244396382257,1.9408404615676718,5.300000000000001,4.740923587942658,5.1000000000000005,2.9,0.3,0.0,0.0,0.0,0.0,0.0,0.0,0.0
Simulation,271,0.0,0.0,0.0,0.0,0.0,0.0,6.299300320551074e-05,0.28949540594657486,5.320731890377378,6.0,6.499999999999999,3.0671285888232944,5.0227918356993815,6.3,5.1,0.5999999999999999,0.1,0.0,0.0,0.0,0.0,0.0,0.0,0.0
Simulation,272,0.0,0.0,0.0,0.0,0.0,0.0,0.0,2.127413793010203,4.9,5.8999999999999995,6.499999999999999,6.3477480212497595,4.387560096997734,5.7,2.6,3.0563927925511565,0.9,0.0,0.0,0.0,0.0,0.0,0.0,0.0
Simulation,273,0.0,0.0,0.0,0.0,0.0,0.0,0.000554748301003076,3.700000004152318,5.323371045701858,6.297017090876593,7.201759794686815,6.507379329183147,6.800000000000001,6.3,5.5,2.473691737208679,1.4,0.0,0.0,0.0,0.0,0.0,0.0,0.0
Simulation,274,0.0,0.0,0.0,0.0,0.0,0.0,0.00018297789493118048,0.0,1.8696105123383504,4.3,6.3,5.8999999999999995,6.2,4.8999999999999995,4.6000000000000005,0.4999999999999998,0.1,0.0,0.0,0.0,0.0,0.0,0.0,0.0
Simulation,275,0.0,0.0,0.0,0.0,0.0,0.0,0.0,2.4000000000000004,2.4000000000000004,4.480932527940448,5.299999999999999,5.736503071936815,6.3,3.6561713937595766,2.2462130014818875,0.04794400403558252,1.5,0.0,0.0,0.0,0.0,0.0,0.0,0.0
Simulation,276,0.0,0.0,0.0,0.0,0.0,0.0,0.0,3.2,2.4000000000000004,3.7,5.199999999999999,4.703995512218119,4.980900944345917,4.4,4.071133135263474,1.0330988583671086,0.3,0.0,0.0,0.0,0.0,0.0,0.0,0.0
Simulation,277,0.0,0.0,0.0,0.0,0.0,0.0,3.747335374031369e-05,3.2,2.3000000000000003,3.045568457894189,5.3999999999999995,3.6992170963928888,5.002982603387952,4.179869337095139,2.7,3.0,1.0,0.0,0.0,0.0,0.0,0.0,0.0,0.0
Simulation,278,0.0,0.0,0.0,0.0,0.0,0.0,0.0,3.7000002928904827,4.9,4.5,4.128465249592749,4.774141594827082,5.7,4.7,5.2,0.5000000000000002,1.1,0.0,0.0,0.0,0.0,0.0,0.0,0.0
Simulation,279,0.0,0.0,0.0,0.0,0.0,0.0,0.0003698088229959755,2.9000000000000004,5.6009782661053045,6.441341004606418,6.7,7.099113808276076,7.531177417136166,6.5,5.992557327024287,3.2,1.3,0.0,0.0,0.0,0.0,0.0,0.0,0.0
Simulation,280,0.0,0.0,0.0,0.0,0.0,0.0,0.0006357204434145797,2.8000000000000003,2.0490971704595147,3.8,4.731851547475823,6.1,3.4378707692782324,2.892172108992648,2.4378164269376073,0.5000000000000002,1.3,0.0,0.0,0.0,0.0,0.0,0.0,0.0
Simulation,281,0.0,0.0,0.0,0.0,0.0,0.0,0.0,0.0,2.4000000000000004,3.8,5.199999999999999,5.6,6.1000000000000005,6.0,5.300000000000001,3.841185648827074,1.823920445381426,0.0,0.0,0.0,0.0,0.0,0.0,0.0
Simulation,282,0.0,0.0,0.0,0.0,0.0,0.0,2.0686089235892287e-05,0.30000000000000004,2.4,2.001005034178786,5.5,6.7,3.842047192262052,5.052746763287177,2.6,0.12429854915047756,0.4,0.0,0.0,0.0,0.0,0.0,0.0,0.0
Simulation,283,0.0,0.0,0.0,0.0,0.0,0.0,0.0,3.1,2.4000000000000004,4.052142834071932,5.299999999999999,5.5,5.3,6.1000000000000005,3.8,3.1,0.2,0.0,0.0,0.0,0.0,0.0,0.0,0.0
Simulation,284,0.0,0.0,0.0,0.0,0.0,0.0,5.235192581851513e-05,2.4,4.9454281777433495,6.1,6.199999999999999,6.6,5.5,4.868069946657795,3.297180067943046,1.9000000000000001,1.5,0.0,0.0,0.0,0.0,0.0,0.0,0.0
Simulation,285,0.0,0.0,0.0,0.0,0.0,0.0,0.0,3.0999999999999996,4.800000000000001,4.4,3.954538485020991,3.6758232548854743,5.7,4.8,2.5999999999999996,1.0400410078905935,0.9,0.0,0.0,0.0,0.0,0.0,0.0,0.0
Simulation,286,0.0,0.0,0.0,0.0,0.0,0.0,0.00045733107755675806,3.7000000113989824,4.6,5.0,6.6,6.5,6.900745381589761,6.217883516007015,5.1,0.5,1.5,0.0,0.0,0.0,0.0,0.0,0.0,0.0
Simulation,287,0.0,0.0,0.0,0.0,0.0,0.0,0.0007198882598742778,0.10000000000000009,4.5,3.118960207892392,5.6,7.82691511579735,7.341073539220943,6.2,3.8877301818918113,3.3,1.4,0.0,0.0,0.0,0.0,0.0,0.0,0.0
Simulation,288,0.0,0.0,0.0,0.0,0.0,0.0,0.0,3.5,2.6,4.0,4.867039874535016,3.275578278588089,5.5,4.4,2.8,2.4000000000000004,1.5,0.0,0.0,0.0,0.0,0.0,0.0,0.0
Simulation,289,0.0,0.0,0.0,0.0,0.0,0.0,0.0,3.6,5.0,6.3271045355725395,5.3,5.034168094889722,5.4,4.3,2.2506910238206324,0.18146445866860517,0.3,0.0,0.0,0.0,0.0,0.0,0.0,0.0
Simulation,290,0.0,0.0,0.0,0.0,0.0,0.0,0.0,1.5814716877943595,2.3000000000000003,3.15464698280986,5.1,5.8,5.300000000000001,2.4081228346370427,0.9280059975139121,0.17692448952623474,1.0686283021782657,0.0,0.0,0.0,0.0,0.0,0.0,0.0
Simulation,291,0.0,0.0,0.0,0.0,0.0,0.0,0.0,3.3,4.700000000000001,3.9,5.853360470049244,5.7,6.300000000000001,5.5,3.9908863619650985,3.5,2.7861260541357877,0.0,0.0,0.0,0.0,0.0,0.0,0.0
Simulation,292,0.0,0.0,0.0,0.0,0.0,0.0,0.0,3.5,2.82672297264925,4.0,6.82012092293058,7.750493895218778,6.9,5.9,4.7,0.0892241464448087,1.0,0.0,0.0,0.0,0.0,0.0,0.0,0.0
Simulation,293,0.0,0.0,0.0,0.0,0.0,0.0,0.0,2.9000000000000004,3.5569072263151695,5.4,6.8,6.3,4.2223849657449035,2.8391230552325286,2.2248836282766282,0.13256413387994503,0.3,0.0,0.0,0.0,0.0,0.0,0.0,0.0
Simulation,294,0.0,0.0,0.0,0.0,0.0,0.0,0.0,2.5,5.0,4.2,7.510614082875817,7.474995106644554,6.1000000000000005,4.6000000000000005,2.7,2.7,0.8126110129743594,0.0,0.0,0.0,0.0,0.0,0.0,0.0
Simulation,295,0.0,0.0,0.0,0.0,0.0,0.0,0.0,0.0,2.4000000000000004,4.1,5.499999999999999,6.3999999999999995,6.1000000000000005,4.7,4.8,3.8089569714694136,1.5,0.0,0.0,0.0,0.0,0.0,0.0,0.0
Simulation,296,0.0,0.0,0.0,0.0,0.0,0.0,0.0009057486371219397,3.0999999999999996,1.7711697719104078,2.731396568941892,5.6,5.775103592094974,4.122657484449198,3.319206959101477,2.247957904162747,0.0,1.2999999999999998,0.0,0.0,0.0,0.0,0.0,0.0,0.0
Simulation,297,0.0,0.0,0.0,0.0,0.0,0.0,0.0,2.3911082591524915,0.8820942965257794,2.9546316713086727,4.616773720920984,5.8,5.6,4.5,2.6000000000000005,0.17260014217188768,0.6363182895305982,0.0,0.0,0.0,0.0,0.0,0.0,0.0
Simulation,298,0.0,0.0,0.0,0.0,0.0,0.0,9.742800967694248e-06,2.8,2.6,5.6000000000000005,5.3,6.0,6.9,4.7,2.5999999999999996,0.5523896363867011,0.1,0.0,0.0,0.0,0.0,0.0,0.0,0.0
Simulation,299,0.0,0.0,0.0,0.0,0.0,0.0,0.0,3.7000006829666856,1.1722838220517873,2.190844026680237,6.499999999999999,6.3,6.1000000000000005,3.3166784825907003,2.6000000000000005,2.9000000000000004,1.1,0.0,0.0,0.0,0.0,0.0,0.0,0.0
Simulation,300,0.0,0.0,0.0,0.0,0.0,0.0,0.0,0.0,5.1000000000000005,5.4,5.999999999999999,5.8999999999999995,6.3,5.232266332719206,4.9,3.4000000000000004,0.1,0.0,0.0,0.0,0.0,0.0,0.0,0.0
Simulation,301,0.0,0.0,0.0,0.0,0.0,0.0,0.0,0.0,4.800000000000001,4.3,4.8974023852101904,6.3,5.8,4.6,3.9000000000000004,0.3999999999999999,1.7,0.0,0.0,0.0,0.0,0.0,0.0,0.0
Simulation,302,0.0,0.0,0.0,0.0,0.0,0.0,0.0,0.0,2.6,4.5,5.699999999999999,5.6,6.000000000000001,4.8999999999999995,5.1,3.6727592069839075,1.5,0.0,0.0,0.0,0.0,0.0,0.0,0.0
Simulation,303,0.0,0.0,0.0,0.0,0.0,0.0,0.0008401754336358582,0.0,1.6890625633041387,1.9049931478849178,4.2329610830733895,5.5,4.01357433444981,2.7186012845076193,2.3922012355894777,1.152436698845423,1.0131480562300879,0.0,0.0,0.0,0.0,0.0,0.0,0.0
Simulation,304,0.0,0.0,0.0,0.0,0.0,0.0,0.0,2.722039765958849,4.4,5.6,5.699999999999999,6.3488501354801254,7.112627828585005,6.4,5.740762582745716,3.2,1.6,0.0,0.0,0.0,0.0,0.0,0.0,0.0
Simulation,305,0.0,0.0,0.0,0.0,0.0,0.0,0.0008115804163118439,2.7,2.3000000000000003,3.9000000000000004,5.7,6.1000000000000005,6.3,4.8,2.8000000000000003,0.08702049743967466,1.1,0.0,0.0,0.0,0.0,0.0,0.0,0.0
Simulation,306,0.0,0.0,0.0,0.0,0.0,0.0,0.0009093749493483862,2.8,2.6,4.343762124958324,5.5,5.6,4.09625635725586,3.8143479796537907,1.7455568303518572,0.6000000000000001,1.1,0.0,0.0,0.0,0.0,0.0,0.0,0.0
Simulation,307,0.0,0.0,0.0,0.0,0.0,0.0,0.0,2.8,2.4,5.0,6.6,6.1,5.300000000000001,4.7,1.9055070142263562,0.045795133608172334,0.6,0.0,0.0,0.0,0.0,0.0,0.0,0.0
Simulation,308,0.0,0.0,0.0,0.0,0.0,0.0,0.0,0.0,1.065559067727302,4.3999999999999995,4.643202499137179,5.5,5.8,4.3999999999999995,5.5,0.1264003738599424,0.4,0.0,0.0,0.0,0.0,0.0,0.0,0.0
Simulation,309,0.0,0.0,0.0,0.0,0.0,0.0,0.0,3.4,1.384065520283043,3.9000000000000004,4.092267155304079,5.8,6.0,6.431042062133736,4.800000000000001,4.230116287194112,0.7,0.0,0.0,0.0,0.0,0.0,0.0,0.0
Simulation,310,0.0,0.0,0.0,0.0,0.0,0.0,0.0007951247234377968,3.4,5.1,5.2,6.3,6.1000000000000005,6.4,5.800000000000001,5.6,3.5,1.4,0.0,0.0,0.0,0.0,0.0,0.0,0.0
Simulation,311,0.0,0.0,0.0,0.0,0.0,0.0,0.0,3.0,4.5,4.1,4.360685902656322,3.8850804346392405,3.479254327537923,3.850829648840616,5.0,2.9000000000000004,0.5,0.0,0.0,0.0,0.0,0.0,0.0,0.0
Simulation,312,0.0,0.0,0.0,0.0,0.0,0.0,0.0,3.0,2.4000000000000004,4.2,6.3,5.7,5.7,5.0,6.004131471944694,0.40000000000000013,1.4,0.0,0.0,0.0,0.0,0.0,0.0,0.0
Simulation,313,0.0,0.0,0.0,0.0,0.0,0.0,0.0008282017463986061,2.9695404475189093,1.6114609998055847,4.5,6.299999999999999,6.0,6.1000000000000005,4.9,2.6,1.5512973827798988,2.774151680196979,0.0,0.0,0.0,0.0,0.0,0.0,0.0
Simulation,314,0.0,0.0,0.0,0.0,0.0,0.0,0.00027468105914912,0.0,1.662275457192306,3.6999999999999997,6.2,7.0,6.300000000000001,3.6782734433041657,5.0,3.5,1.6,0.0,0.0,0.0,0.0,0.0,0.0,0.0
Simulation,315,0.0,0.0,0.0,0.0,0.0,0.0,0.0,3.2,2.5,3.3593980628842512,5.1,5.499999999999999,4.976353324984794,4.7,5.546308587254759,3.2,1.3322503858059207,0.0,0.0,0.0,0.0,0.0,0.0,0.0
Simulation,316,0.0,0.0,0.0,0.0,0.0,0.0,0.0008799844342953768,0.0,4.6,4.2,5.8,6.3,6.2,6.1000000000000005,5.0,0.2209229820717029,0.3,0.0,0.0,0.0,0.0,0.0,0.0,0.0
Simulation,317,0.0,0.0,0.0,0.0,0.0,0.0,0.0,3.5,2.5,5.199999999999999,6.3,5.6,4.87373982545169,3.635046643650787,2.8,3.0999999999999996,0.4,0.0,0.0,0.0,0.0,0.0,0.0,0.0
Simulation,318,0.0,0.0,0.0,0.0,0.0,0.0,0.0,3.7000000034532863,1.4741456948413876,1.4966818703643159,5.499999999999999,5.6,5.6,4.4,3.0000000000000004,3.5999999999999996,1.2,0.0,0.0,0.0,0.0,0.0,0.0,0.0
Simulation,319,0.0,0.0,0.0,0.0,0.0,0.0,0.0,3.2,4.700000000000001,6.905454306685138,6.6,7.7497760506072435,6.1000000000000005,5.0,2.5999999999999996,0.18400331607626597,0.5,0.0,0.0,0.0,0.0,0.0,0.0,0.0
Simulation,320,0.0,0.0,0.0,0.0,0.0,0.0,0.0002609887269238614,2.8,2.3000000000000003,6.22100186961943,6.8,7.750096758436931,7.4036424798189415,6.3999999999999995,4.321187059916324,0.6000000000000001,1.4,0.0,0.0,0.0,0.0,0.0,0.0,0.0
Simulation,321,0.0,0.0,0.0,0.0,0.0,0.0,0.0,3.2,2.3000000000000003,3.8999999999999995,5.3999999999999995,5.3999999999999995,5.4,6.4,6.110609290678237,3.5,1.5,0.0,0.0,0.0,0.0,0.0,0.0,0.0
Simulation,322,0.0,0.0,0.0,0.0,0.0,0.0,0.000539745999590041,0.10000000000000009,2.5,4.2,5.6,5.6,5.9,3.504516044866537,2.8000000000000003,0.5,1.2999999999999998,0.0,0.0,0.0,0.0,0.0,0.0,0.0
Simulation,323,0.0,0.0,0.0,0.0,0.0,0.0,0.0007308653448418319,0.0,2.4,3.8,4.846462244471365,3.269734417296939,2.7675646442160056,1.4826900588837129,0.8798878218310575,0.0,0.2,0.0,0.0,0.0,0.0,0.0,0.0,0.0
Simulation,324,0.0,0.0,0.0,0.0,0.0,0.0,0.0,3.700000017816702,4.8,6.235478286323628,6.5,6.1000000000000005,6.1000000000000005,4.4,2.2968824404820083,0.3999999999999999,2.006815545227099,0.0,0.0,0.0,0.0,0.0,0.0,0.0
Simulation,325,0.0,0.0,0.0,0.0,0.0,0.0,0.0,3.7000000605151175,5.8447768847259365,5.199999999999999,6.7,6.433552294209863,6.1,5.8,4.0,3.3000000000000003,0.2,0.0,0.0,0.0,0.0,0.0,0.0,0.0
Simulation,326,0.0,0.0,0.0,0.0,0.0,0.0,0.0,3.2,5.615606275038263,4.3,6.0,7.0,7.0119910973569555,5.0,5.1,3.7126562719014355,1.4,0.0,0.0,0.0,0.0,0.0,0.0,0.0
Simulation,327,0.0,0.0,0.0,0.0,0.0,0.0,0.0,3.2,1.7777076533776435,3.8,6.408381920680887,7.0,5.9,4.8999999999999995,5.1,3.793641650531632,1.807755537453443,0.0,0.0,0.0,0.0,0.0,0.0,0.0
Simulation,328,0.0,0.0,0.0,0.0,0.0,0.0,8.93791482602679e-05,2.9000000000000004,2.5,2.019867662506796,5.199999999999999,5.5,5.7,4.151717628730233,5.0,2.3,0.2,0.0,0.0,0.0,0.0,0.0,0.0,0.0
Simulation,329,0.0,0.0,0.0,0.0,0.0,0.0,0.0,3.5999999999999996,2.4000000000000004,3.147441524443318,4.645893356277625,6.5,6.000000000000001,6.597383830114177,5.4,3.9959531189251027,1.6,0.0,0.0,0.0,0.0,0.0,0.0,0.0
Simulation,330,0.0,0.0,0.0,0.0,0.0,0.0,0.0009177874151280415,0.0,2.2,3.046365843973028,5.7,5.135641464448806,4.379943758435081,1.8625748713634072,2.5817790530545364,0.24166872813905793,1.5,0.0,0.0,0.0,0.0,0.0,0.0,0.0
Simulation,331,0.0,0.0,0.0,0.0,0.0,0.0,0.0002689728645282148,3.1487409861665183,2.5,4.3,5.4,5.6,5.9,2.583096462929693,2.6000000000000005,0.035976497196735124,0.2,0.0,0.0,0.0,0.0,0.0,0.0,0.0
Simulation,332,0.0,0.0,0.0,0.0,0.0,0.0,0.0,3.1,2.4,3.8,5.2,5.7,6.6000000000000005,4.5,2.215455465413492,3.4097348195212476,1.7,0.0,0.0,0.0,0.0,0.0,0.0,0.0
Simulation,333,0.0,0.0,0.0,0.0,0.0,0.0,9.320120663541131e-05,1.260226078986119,1.7142064196700715,3.8,5.8999999999999995,7.389680917565313,7.001405654157743,6.90545181576234,5.2,3.2,1.5,0.0,0.0,0.0,0.0,0.0,0.0,0.0
Simulation,334,0.0,0.0,0.0,0.0,0.0,0.0,0.0,3.3,2.6,5.095852537021483,6.1,6.9,6.500000000000001,6.5,5.5,3.0999999999999996,1.5,0.0,0.0,0.0,0.0,0.0,0.0,0.0
Simulation,335,0.0,0.0,0.0,0.0,0.0,0.0,0.0,2.7,4.6,5.7,6.7,6.1,5.6000000000000005,4.6,2.063393476382889,0.11457733540003767,1.5,0.0,0.0,0.0,0.0,0.0,0.0,0.0
Simulation,336,0.0,0.0,0.0,0.0,0.0,0.0,0.0,3.1,2.3000000000000003,3.4290677678277195,6.299999999999999,5.699999999999999,5.7,4.9,2.9,0.7235719788295256,1.2999999999999998,0.0,0.0,0.0,0.0,0.0,0.0,0.0
Simulation,337,0.0,0.0,0.0,0.0,0.0,0.0,0.0,2.9000000000000004,5.332755392480167,3.4606248536961104,5.5,4.50831576483835,4.520634116353935,4.4,4.8,3.3000000000000003,1.4,0.0,0.0,0.0,0.0,0.0,0.0,0.0
Simulation,338,0.0,0.0,0.0,0.0,0.0,0.0,6.485564669394884e-05,3.2,2.3000000000000003,4.5,5.5,6.0,5.5,1.9222554769230409,1.5166678032634522,0.4999999999999998,1.2999999999999998,0.0,0.0,0.0,0.0,0.0,0.0,0.0
Simulation,339,0.0,0.0,0.0,0.0,0.0,0.0,0.0006278140380340729,3.70000000305954,5.427778737862981,4.7,6.8,6.6,6.800000000000001,4.8,3.2,3.5,0.1,0.0,0.0,0.0,0.0,0.0,0.0,0.0
Simulation,340,0.0,0.0,0.0,0.0,0.0,0.0,2.314208528840543e-05,3.4,2.724403336989309,4.220834843429055,4.917070004769322,4.328986970261618,4.51288422690418,2.9924061243471547,2.6,0.21694843755165993,0.6,0.0,0.0,0.0,0.0,0.0,0.0,0.0
Simulation,341,0.0,0.0,0.0,0.0,0.0,0.0,0.0,3.2,2.3000000000000003,2.908906759872277,5.699999999999999,7.043774937579143,6.8,5.6000000000000005,4.5,3.7750033502022156,1.2,0.0,0.0,0.0,0.0,0.0,0.0,0.0
Simulation,342,0.0,0.0,0.0,0.0,0.0,0.0,0.0005433956939967264,3.188495657722598,5.466376702621967,6.687419477283152,6.3,6.2,5.7,5.8,5.1000000000000005,3.8329713949306683,1.6,0.0,0.0,0.0,0.0,0.0,0.0,0.0
Simulation,343,0.0,0.0,0.0,0.0,0.0,0.0,0.0007505945827852901,2.6999999999999997,1.9009289552210118,3.3617492586723627,6.3,7.3700770565254565,7.298755165814688,7.042867333303103,6.220211801772992,3.778668172205819,1.9565467472068205,0.0,0.0,0.0,0.0,0.0,0.0,0.0
Simulation,344,0.0,0.0,0.0,0.0,0.0,0.0,0.0006366697373607611,0.10000000000000009,2.2,4.5,5.699999999999999,5.5,6.300000000000001,6.1,5.623608069719355,0.6000000000000001,0.5,0.0,0.0,0.0,0.0,0.0,0.0,0.0
Simulation,345,0.0,0.0,0.0,0.0,0.0,0.0,3.735836919505268e-05,3.7000000105939796,4.800000000000001,4.3,6.3999999999999995,6.0,5.6000000000000005,4.9,4.1,3.2,0.4,0.0,0.0,0.0,0.0,0.0,0.0,0.0
Simulation,346,0.0,0.0,0.0,0.0,0.0,0.0,0.0006359953344533655,3.5,4.2,3.9000000000000004,6.6,6.1,4.658103250282354,4.4,2.3541228142964177,0.5999999999999999,1.7,0.0,0.0,0.0,0.0,0.0,0.0,0.0
Simulation,347,0.0,0.0,0.0,0.0,0.0,0.0,8.645735933686718e-05,3.1,2.4000000000000004,3.9000000000000004,6.6,5.7,5.4,5.6000000000000005,5.3,1.8407453939046947,1.5,0.0,0.0,0.0,0.0,0.0,0.0,0.0
Simulation,348,0.0,0.0,0.0,0.0,0.0,0.0,1.9486301366875844e-05,3.5,2.4000000000000004,3.9000000000000004,5.5,6.699999999999999,6.6000000000000005,4.5,4.9,0.2665108574891273,0.4,0.0,0.0,0.0,0.0,0.0,0.0,0.0
Simulation,349,0.0,0.0,0.0,0.0,0.0,0.0,0.0,0.20000000000000018,5.1,3.9000000000000004,6.1,5.9,3.958256249098012,2.4583857986301147,1.505341832707423,0.40000000000000013,1.9434361870499648,0.0,0.0,0.0,0.0,0.0,0.0,0.0
Simulation,350,0.0,0.0,0.0,0.0,0.0,0.0,0.000930537846346947,3.700000000022234,5.321629819031574,6.477893328406244,7.458118723992594,6.8,7.681711315852787,7.054726987197846,5.300000000000001,0.4999999999999998,1.0,0.0,0.0,0.0,0.0,0.0,0.0,0.0
Simulation,351,0.0,0.0,0.0,0.0,0.0,0.0,0.0,3.3,2.3000000000000003,4.0,5.8,6.2,5.9,4.3,2.7,2.3999999999999995,1.2,0.0,0.0,0.0,0.0,0.0,0.0,0.0
Simulation,352,0.0,0.0,0.0,0.0,0.0,0.0,0.0,2.046596888109751,2.041432821609716,4.2,5.6,5.7,4.954120188874505,3.2247756807243304,2.0749809157672083,1.7,1.1,0.0,0.0,0.0,0.0,0.0,0.0,0.0
Simulation,353,0.0,0.0,0.0,0.0,0.0,0.0,0.0,2.7,5.491260933824056,5.4,6.924290236865926,6.8999999999999995,7.151045630609254,7.085110514800361,3.0,3.655109874974052,0.1,0.0,0.0,0.0,0.0,0.0,0.0,0.0
Simulation,354,0.0,0.0,0.0,0.0,0.0,0.0,0.0009407584247428371,3.5,1.6659015663385184,3.3930584652315083,5.199999999999999,5.8999999999999995,5.4,4.6000000000000005,2.379152964355712,3.4000000000000004,1.8856881597761013,0.0,0.0,0.0,0.0,0.0,0.0,0.0
Simulation,355,0.0,0.0,0.0,0.0,0.0,0.0,0.0,0.10000000000000009,2.3000000000000003,4.2,5.169100280563855,5.6,3.240487937790378,3.69100509322666,3.0,0.2373874746199176,1.2,0.0,0.0,0.0,0.0,0.0,0.0,0.0
Simulation,356,0.0,0.0,0.0,0.0,0.0,0.0,0.0,3.6,4.699999999999999,4.300000000000001,6.699999999999999,7.172308357502197,6.6,6.199999999999999,5.4,0.11739150936820342,2.334197774315604,0.0,0.0,0.0,0.0,0.0,0.0,0.0
Simulation,357,0.0,0.0,0.0,0.0,0.0,0.0,0.0,3.7000000093092837,4.9,6.412351011487989,7.44096852003252,7.62234251285782,7.2616138134526,7.309965873890965,6.314870606486123,3.4000000000000004,1.4,0.0,0.0,0.0,0.0,0.0,0.0,0.0
Simulation,358,0.0,0.0,0.0,0.0,0.0,0.0,0.0,2.9000000000000004,2.547267981048299,5.7,6.299999999999999,7.0,6.994846400451152,4.8999999999999995,2.245141142551427,2.8000000000000003,0.3,0.0,0.0,0.0,0.0,0.0,0.0,0.0
Simulation,359,0.0,0.0,0.0,0.0,0.0,0.0,0.0,3.4,1.658468917815357,3.3901781141101965,6.1,5.006603595534144,6.800000000000001,4.9,2.428273790074946,2.8,1.1,0.0,0.0,0.0,0.0,0.0,0.0,0.0
Simulation,360,0.0,0.0,0.0,0.0,0.0,0.0,0.0005388298494321042,0.0,1.4740446579810826,2.955439915033707,3.4025904509439364,5.6,6.2,6.2,5.3,3.0,6.997560979276244,0.0,0.0,0.0,0.0,0.0,0.0,0.0
Simulation,361,0.0,0.0,0.0,0.0,0.0,0.0,0.0,2.9000000000000004,4.7,3.8924227018892408,5.2,6.2,6.300000000000001,6.4,2.7,3.5999999999999996,1.5,0.0,0.0,0.0,0.0,0.0,0.0,0.0
Simulation,362,0.0,0.0,0.0,0.0,0.0,0.0,0.0,3.700000003837037,2.4,3.8000000000000003,5.3,6.6,6.8,3.9729868900521135,1.6168063055457438,0.3999999999999999,0.8,0.0,0.0,0.0,0.0,0.0,0.0,0.0
Simulation,363,0.0,0.0,0.0,0.0,0.0,0.0,0.0002708398825287276,2.8000000000000003,2.4000000000000004,4.2,5.999999999999999,7.125323871320522,6.6000000000000005,5.800000000000001,2.6999999999999997,3.2,1.2999999999999998,0.0,0.0,0.0,0.0,0.0,0.0,0.0
Simulation,364,0.0,0.0,0.0,0.0,0.0,0.0,0.0,0.0,2.5,5.0,5.999999999999999,4.739808941191512,3.004068588363548,1.4798173060016842,1.4789533396687755,0.4999999999999998,0.3,0.0,0.0,0.0,0.0,0.0,0.0,0.0
Simulation,365,0.0,0.0,0.0,0.0,0.0,0.0,0.0,1.2156156701467524,2.5,4.2,5.699999999999999,5.7,5.143372170323315,4.5,3.0,3.4000000000000004,1.1,0.0,0.0,0.0,0.0,0.0,0.0,0.0
Simulation,366,0.0,0.0,0.0,0.0,0.0,0.0,0.0,2.6,2.6,3.5999999999999996,5.3999999999999995,4.003027333487372,5.8,6.6710460330536225,5.658467007485938,4.221960729225301,1.3,0.0,0.0,0.0,0.0,0.0,0.0,0.0
Simulation,367,0.0,0.0,0.0,0.0,0.0,0.0,0.0,3.6,2.4000000000000004,4.3,5.499999999999999,6.1,6.9,6.0,2.8000000000000003,2.7,0.1,0.0,0.0,0.0,0.0,0.0,0.0,0.0
Simulation,368,0.0,0.0,0.0,0.0,0.0,0.0,0.0007697125230547799,0.0,4.861932337676262,6.0,7.2348647096714505,7.706930088013861,7.6072632644146125,6.2,5.2,3.5,0.2,0.0,0.0,0.0,0.0,0.0,0.0,0.0
Simulation,369,0.0,0.0,0.0,0.0,0.0,0.0,0.0,0.0,2.3000000000000003,3.8,5.5,6.0,6.9,5.9,4.5,3.7766565925059368,1.6,0.0,0.0,0.0,0.0,0.0,0.0,0.0
Simulation,370,0.0,0.0,0.0,0.0,0.0,0.0,0.0,3.6,2.6,1.5057172177407807,3.8890297474678253,2.979544447388969,5.3999999999999995,4.723369216314827,2.7,0.0,1.3,0.0,0.0,0.0,0.0,0.0,0.0,0.0
Simulation,371,0.0,0.0,0.0,0.0,0.0,0.0,0.000896577153503747,3.5999999999999996,7.062343464572011,6.33465649869439,7.292817989826302,7.0,6.1000000000000005,6.2,5.6417428749735645,3.9696728852717884,1.1,0.0,0.0,0.0,0.0,0.0,0.0,0.0
Simulation,372,0.0,0.0,0.0,0.0,0.0,0.0,0.0,2.9000000000000004,2.6,5.6,6.2,6.5,6.4,6.5,5.744917500686038,3.8374008163239512,1.2,0.0,0.0,0.0,0.0,0.0,0.0,0.0
Simulation,373,0.0,0.0,0.0,0.0,0.0,0.0,0.0005006218875099451,0.0,1.6191935162542186,3.9000000000000004,5.6,6.2,5.7,3.8017863094622664,3.0,3.4000000000000004,2.271142534960833,0.0,0.0,0.0,0.0,0.0,0.0,0.0
Simulation,374,0.0,0.0,0.0,0.0,0.0,0.0,0.0007322015218104003,3.7000000166156095,2.3000000000000003,2.9098145843277385,5.1,6.1,6.6000000000000005,4.7,3.0,0.19175784820309216,0.43987918723691166,0.0,0.0,0.0,0.0,0.0,0.0,0.0
Simulation,375,0.0,0.0,0.0,0.0,0.0,0.0,0.0008240580453231787,3.4,2.8432827489909673,4.4,6.299999999999999,6.9,5.7,4.4,2.1830004286666727,0.0,0.3,0.0,0.0,0.0,0.0,0.0,0.0,0.0
Simulation,376,0.0,0.0,0.0,0.0,0.0,0.0,0.0,2.7,5.1,4.615455417857428,5.199999999999999,3.6848455398087854,5.6,4.800000000000001,2.7,0.5999999999999999,1.8143952975665807,0.0,0.0,0.0,0.0,0.0,0.0,0.0
Simulation,377,0.0,0.0,0.0,0.0,0.0,0.0,0.000971828439860916,3.1,5.615823448026006,5.0,5.2,5.8999999999999995,4.027308490813851,3.3827795412978463,5.2,2.9,0.2,0.0,0.0,0.0,0.0,0.0,0.0,0.0
Simulation,378,0.0,0.0,0.0,0.0,0.0,0.0,0.0,0.10000000000000009,2.847206230892701,3.8000000000000003,4.481785916736419,5.7,5.9,4.6,1.8457684486551122,0.0897055437471459,1.2999999999999998,0.0,0.0,0.0,0.0,0.0,0.0,0.0
Simulation,379,0.0,0.0,0.0,0.0,0.0,0.0,0.0009407406393380452,0.0,1.3115649971736625,2.2224839251255952,5.1,5.8999999999999995,5.9,5.742883952771001,2.6,0.14029551990339817,1.6,0.0,0.0,0.0,0.0,0.0,0.0,0.0
Simulation,380,0.0,0.0,0.0,0.0,0.0,0.0,0.00046233159566680865,3.6,2.6,4.3999999999999995,6.1363380298027375,7.0,5.9,4.8,5.1000000000000005,3.4000000000000004,1.0,0.0,0.0,0.0,0.0,0.0,0.0,0.0
Simulation,381,0.0,0.0,0.0,0.0,0.0,0.0,0.0,0.10000000000000009,5.330540646692822,6.38313123128243,6.3999999999999995,6.5,6.0,4.800000000000001,3.7397621460148995,2.8,0.1,0.0,0.0,0.0,0.0,0.0,0.0,0.0
Simulation,382,0.0,0.0,0.0,0.0,0.0,0.0,0.000542654627085792,3.7000000054867184,4.9,4.3,5.6,6.1,5.8,4.7,2.8000000000000003,0.5000000000000002,1.2,0.0,0.0,0.0,0.0,0.0,0.0,0.0
Simulation,383,0.0,0.0,0.0,0.0,0.0,0.0,0.0,2.8000000000000003,5.1,4.1,6.499999999999999,6.8,5.300000000000001,4.5,4.6000000000000005,3.4000000000000004,1.2,0.0,0.0,0.0,0.0,0.0,0.0,0.0
Simulation,384,0.0,0.0,0.0,0.0,0.0,0.0,0.0007242220171367302,2.8,1.7993440070485156,1.6530850308253786,5.2,5.85492472241068,6.1000000000000005,5.0,4.9,3.4000000000000004,0.9,0.0,0.0,0.0,0.0,0.0,0.0,0.0
Simulation,385,0.0,0.0,0.0,0.0,0.0,0.0,0.0,0.0,1.8678297929678134,2.935989402385856,2.8901560393059764,5.132649101936233,5.7,6.510308160938783,2.4563668441875937,2.388570697886075,1.2,0.0,0.0,0.0,0.0,0.0,0.0,0.0
Simulation,386,0.0,0.0,0.0,0.0,0.0,0.0,0.0,3.70000023288721,2.6,4.4,5.3999999999999995,4.543547109971665,5.7,3.386615680663473,2.046492484612203,0.11533840877490076,1.2,0.0,0.0,0.0,0.0,0.0,0.0,0.0
Simulation,387,0.0,0.0,0.0,0.0,0.0,0.0,0.0,3.7000000031129674,2.0958262585308782,1.8255027440215597,1.7789893628356008,0.0,3.1911862811298937,2.7647259479183353,1.4709137387178055,0.07470394307843886,1.3,0.0,0.0,0.0,0.0,0.0,0.0,0.0
Simulation,388,0.0,0.0,0.0,0.0,0.0,0.0,0.0,1.5993712735299679,2.3000000000000003,5.9,6.299999999999999,4.776207266074459,5.9,4.800000000000001,4.800000000000001,3.0999999999999996,0.3,0.0,0.0,0.0,0.0,0.0,0.0,0.0
Simulation,389,0.0,0.0,0.0,0.0,0.0,0.0,0.0,3.4586634979899116,4.5,4.3,5.499999999999999,4.930582813890981,5.8,4.9,2.7,2.9000000000000004,0.1,0.0,0.0,0.0,0.0,0.0,0.0,0.0
Simulation,390,0.0,0.0,0.0,0.0,0.0,0.0,0.0,3.700000003835293,5.1,5.2,5.7,6.9,6.7,5.8999999999999995,4.8,0.5000000000000002,2.0688886768561314,0.0,0.0,0.0,0.0,0.0,0.0,0.0
Simulation,391,0.0,0.0,0.0,0.0,0.0,0.0,0.0,0.0,0.7515452768143773,3.8,5.1,6.699999999999999,5.6000000000000005,4.7,2.9,2.9000000000000004,1.5999999999999999,0.0,0.0,0.0,0.0,0.0,0.0,0.0
Simulation,392,0.0,0.0,0.0,0.0,0.0,0.0,0.0008921808366906796,3.5,2.6,5.7,5.699999999999999,5.8,6.6000000000000005,4.7,2.7,3.1000000000000005,1.4533758841500317,0.0,0.0,0.0,0.0,0.0,0.0,0.0
Simulation,393,0.0,0.0,0.0,0.0,0.0,0.0,0.0,3.6661219284188546,5.2,5.3,7.311413994060946,7.459027779646184,6.1000000000000005,5.1,4.9,2.5,1.0,0.0,0.0,0.0,0.0,0.0,0.0,0.0
Simulation,394,0.0,0.0,0.0,0.0,0.0,0.0,0.0,2.8,5.1000000000000005,5.8999999999999995,7.523727019943572,7.448303112982477,6.8999999999999995,5.8,6.256365841562518,5.6415507991452,1.6,0.0,0.0,0.0,0.0,0.0,0.0,0.0
Simulation,395,0.0,0.0,0.0,0.0,0.0,0.0,0.0,3.7000000070205634,4.1,5.6000000000000005,5.199999999999999,5.3999999999999995,5.6000000000000005,4.5,2.0879304574409945,0.24250457090246536,0.4,0.0,0.0,0.0,0.0,0.0,0.0,0.0
Simulation,396,0.0,0.0,0.0,0.0,0.0,0.0,0.0,0.20000000000000018,2.2,4.1,5.7,5.6,4.283773585896343,4.3999999999999995,3.0,3.872339588514766,1.7,0.0,0.0,0.0,0.0,0.0,0.0,0.0
Simulation,397,0.0,0.0,0.0,0.0,0.0,0.0,0.0,0.30000000000000004,2.4000000000000004,5.9,6.6,6.1000000000000005,6.1000000000000005,5.7,5.4,3.1164849462527915,1.1,0.0,0.0,0.0,0.0,0.0,0.0,0.0
Simulation,398,0.0,0.0,0.0,0.0,0.0,0.0,0.0,3.2,4.6,4.5,6.8,7.0,6.5,4.6000000000000005,2.9,0.5999999999999999,0.1,0.0,0.0,0.0,0.0,0.0,0.0,0.0
Simulation,399,0.0,0.0,0.0,0.0,0.0,0.0,0.0007290552478280639,3.7000000033584692,4.300000000000001,5.4,6.8,5.8,5.1881265107129675,4.4,3.0,2.4000000000000004,2.002190728134431,0.0,0.0,0.0,0.0,0.0,0.0,0.0
Simulation,400,0.0,0.0,0.0,0.0,0.0,0.0,0.0008927291422662928,2.9000000000000004,4.699999999999999,3.8,5.6,4.571259754335829,4.878614151535832,5.6000000000000005,2.4629863164791965,2.7,2.337984571456434,0.0,0.0,0.0,0.0,0.0,0.0,0.0
Simulation,401,0.0,0.0,0.0,0.0,0.0,0.0,0.0,0.0,1.464701108638085,5.0,6.590480778313445,6.3,5.5,4.300000000000001,1.7259204334252694,0.0,0.1,0.0,0.0,0.0,0.0,0.0,0.0,0.0
Simulation,402,0.0,0.0,0.0,0.0,0.0,0.0,0.0004255835727545826,2.8,4.9,6.0,6.1,6.0,7.273996568880391,6.5,5.3,3.1,1.3,0.0,0.0,0.0,0.0,0.0,0.0,0.0
Simulation,403,0.0,0.0,0.0,0.0,0.0,0.0,0.0008888415412752429,2.6047739570109827,2.1999999999999997,4.0,5.378535253643715,4.035265614861199,4.4011790596677365,5.0,5.0,3.0,1.8354436845944349,0.0,0.0,0.0,0.0,0.0,0.0,0.0
Simulation,404,0.0,0.0,0.0,0.0,0.0,0.0,0.0,3.5,4.6,5.9,6.499999999999999,6.699999999999999,6.5,5.3,3.7,3.6000000000000005,0.3,0.0,0.0,0.0,0.0,0.0,0.0,0.0
Simulation,405,0.0,0.0,0.0,0.0,0.0,0.0,1.2916221799837768e-05,0.20000000000000018,2.7,3.6999999999999997,5.1,5.9,5.6000000000000005,4.5,3.1,3.0999999999999996,1.4000000000000001,0.0,0.0,0.0,0.0,0.0,0.0,0.0
Simulation,406,0.0,0.0,0.0,0.0,0.0,0.0,0.0,0.0,2.2,5.2,5.3999999999999995,6.699999999999999,6.7,6.199999999999999,2.8000000000000003,0.6907234995231035,0.2,0.0,0.0,0.0,0.0,0.0,0.0,0.0
Simulation,407,0.0,0.0,0.0,0.0,0.0,0.0,0.0009274372635676351,1.8906634124478459,5.328818988758531,7.076107276200064,7.627850921631502,7.591236318688524,7.519714693660801,6.719781959529122,5.6,3.7793905662008407,2.4006961457956257,0.0,0.0,0.0,0.0,0.0,0.0,0.0
Simulation,408,0.0,0.0,0.0,0.0,0.0,0.0,0.0009415748389529717,3.7000317305002683,5.3021912384240935,5.2,6.0,5.6,5.3,3.4050144459419855,2.7,0.5,1.4,0.0,0.0,0.0,0.0,0.0,0.0,0.0
Simulation,409,0.0,0.0,0.0,0.0,0.0,0.0,0.0008910065293324769,3.0,1.7484450436938794,1.7518634994554798,3.4916455110281945,5.0499810895245805,5.6000000000000005,5.800000000000001,5.628326734194285,3.6,1.2454300646888101,0.0,0.0,0.0,0.0,0.0,0.0,0.0
Simulation,410,0.0,0.0,0.0,0.0,0.0,0.0,8.59423919209269e-05,3.700000033855482,9.347601510740173,6.8684012691585306,7.44679382482952,7.318485137510677,6.6000000000000005,6.7980974649971975,5.609052084416927,3.6687389952342975,0.32954442141280255,0.0,0.0,0.0,0.0,0.0,0.0,0.0
Simulation,411,0.0,0.0,0.0,0.0,0.0,0.0,0.0,2.5999999999999996,2.6,5.9,6.499999999999999,7.0,7.054815797329965,7.504044422901455,6.442630516391893,4.506648518113753,1.4,0.0,0.0,0.0,0.0,0.0,0.0,0.0
Simulation,412,0.0,0.0,0.0,0.0,0.0,0.0,9.349838461160213e-05,3.5,2.6999999999999997,2.694682498614687,5.1,4.75401165437744,7.130975235259706,6.691674743030787,5.636912336619359,3.5999999999999996,1.2,0.0,0.0,0.0,0.0,0.0,0.0,0.0
Simulation,413,0.0,0.0,0.0,0.0,0.0,0.0,0.0,3.6999999999999997,5.318628595005671,4.199999999999999,5.5,6.5,6.3,3.047655913077551,1.1335480209594522,2.048564609894288,1.6,0.0,0.0,0.0,0.0,0.0,0.0,0.0
Simulation,414,0.0,0.0,0.0,0.0,0.0,0.0,0.0,3.0,4.1,4.0,5.1,5.8,6.1000000000000005,5.0,5.3,3.5,1.6,0.0,0.0,0.0,0.0,0.0,0.0,0.0
Simulation,415,0.0,0.0,0.0,0.0,0.0,0.0,0.000887958270215077,3.6,2.4,5.8,6.966229495672071,6.6,6.4,4.8,2.7,0.12099467217546933,0.2,0.0,0.0,0.0,0.0,0.0,0.0,0.0
Simulation,416,0.0,0.0,0.0,0.0,0.0,0.0,0.0,3.7000000032461196,2.5,4.4,7.053072596020079,7.652308253736523,7.1132315487146185,6.1,3.2458067000209696,3.2,0.2,0.0,0.0,0.0,0.0,0.0,0.0,0.0
Simulation,417,0.0,0.0,0.0,0.0,0.0,0.0,0.0,3.700005326580215,5.2,5.3,6.699999999999999,6.4,5.159222756578398,5.0,3.0,2.8,1.4,0.0,0.0,0.0,0.0,0.0,0.0,0.0
Simulation,418,0.0,0.0,0.0,0.0,0.0,0.0,0.000582917007195992,0.0,2.4000000000000004,4.3,5.8999999999999995,6.8,7.00679569473106,6.96614733318651,5.2,2.8,2.216467996487413,0.0,0.0,0.0,0.0,0.0,0.0,0.0
Simulation,419,0.0,0.0,0.0,0.0,0.0,0.0,0.0008168308999944584,3.700027601894773,5.344363467636716,4.0,6.641379025110859,6.9,6.2,3.4712412453283488,1.3927649573882,2.7,0.1,0.0,0.0,0.0,0.0,0.0,0.0,0.0
Simulation,420,0.0,0.0,0.0,0.0,0.0,0.0,0.0006511794560465538,3.7000000004111677,4.800000000000001,4.5,4.166775068632508,1.680502950224013,0.0,2.516020707816513,1.8979693380316602,3.0999999999999996,1.1,0.0,0.0,0.0,0.0,0.0,0.0,0.0
Simulation,421,0.0,0.0,0.0,0.0,0.0,0.0,0.0008831659832881438,2.4,2.3,3.7,0.0,3.367313129993758,3.608359756026352,4.171718959403056,5.1,0.05518503009030762,0.7,0.0,0.0,0.0,0.0,0.0,0.0,0.0
Simulation,422,0.0,0.0,0.0,0.0,0.0,0.0,0.0008273348472651574,3.5,4.9,5.9,7.282670857285578,6.9,7.129237734313467,6.2,3.7,2.5,0.7,0.0,0.0,0.0,0.0,0.0,0.0,0.0
Simulation,423,0.0,0.0,0.0,0.0,0.0,0.0,0.0009212910234227277,3.3,5.199999999999999,4.4,6.199999999999999,7.859255675327999,7.654766070093821,6.61200100782198,5.783192843055902,3.5999999999999996,1.1,0.0,0.0,0.0,0.0,0.0,0.0,0.0
Simulation,424,0.0,0.0,0.0,0.0,0.0,0.0,0.0,0.10000000000000009,2.5,3.6999999999999997,6.6,6.8,6.4,7.2555406356838805,6.81789953605902,4.212656980628501,0.4,0.0,0.0,0.0,0.0,0.0,0.0,0.0
Simulation,425,0.0,0.0,0.0,0.0,0.0,0.0,0.0,2.4,4.9,5.9,5.6,6.0,4.739351862853633,3.8177846256728896,4.6000000000000005,3.0,0.9,0.0,0.0,0.0,0.0,0.0,0.0,0.0
Simulation,426,0.0,0.0,0.0,0.0,0.0,0.0,0.0,2.9,2.2,4.2,5.699999999999999,6.1,6.8,6.4,5.284771634901506,0.22805102040208536,1.3,0.0,0.0,0.0,0.0,0.0,0.0,0.0
Simulation,427,0.0,0.0,0.0,0.0,0.0,0.0,0.0,3.1,4.9,6.3847003668617,6.8,5.6,5.5,5.0,5.2,0.21863332672034153,1.0,0.0,0.0,0.0,0.0,0.0,0.0,0.0
Simulation,428,0.0,0.0,0.0,0.0,0.0,0.0,0.0,3.4,5.762504972359917,6.8524655832329815,7.007009809988054,7.0,6.972804072637101,5.8,4.9,3.7093008277322674,1.0999999999999999,0.0,0.0,0.0,0.0,0.0,0.0,0.0
Simulation,429,0.0,0.0,0.0,0.0,0.0,0.0,0.0,3.4,2.3000000000000003,5.6000000000000005,6.6,5.6000000000000005,5.3999999999999995,2.7084254306875515,2.388705295556001,0.4999999999999998,1.5,0.0,0.0,0.0,0.0,0.0,0.0,0.0
Simulation,430,0.0,0.0,0.0,0.0,0.0,0.0,0.0003136112403830108,3.7000000013874987,4.2,4.717474061735615,4.826559361430361,5.3999999999999995,5.500000000000001,4.182976445633473,2.6,2.8724926338113788,2.0640853829791763,0.0,0.0,0.0,0.0,0.0,0.0,0.0
Simulation,431,0.0,0.0,0.0,0.0,0.0,0.0,0.0,3.3,2.4000000000000004,3.8999999999999995,6.6,6.7,6.5,6.2,2.6,0.1119338525856779,0.2,0.0,0.0,0.0,0.0,0.0,0.0,0.0
Simulation,432,0.0,0.0,0.0,0.0,0.0,0.0,0.0,3.7000000143367506,5.1,5.6,5.3999999999999995,6.3999999999999995,6.7,5.412057886214621,5.2,2.9,0.5,0.0,0.0,0.0,0.0,0.0,0.0,0.0
Simulation,433,0.0,0.0,0.0,0.0,0.0,0.0,0.0007696983184013365,0.0,4.300000000000001,5.6000000000000005,6.9567014841669055,7.616993135812827,7.759410408169249,7.1213066067647635,5.969201987814005,4.636773895324456,1.2999999999999998,0.0,0.0,0.0,0.0,0.0,0.0,0.0
Simulation,434,0.0,0.0,0.0,0.0,0.0,0.0,0.0,3.700000127432938,6.35000903607437,6.167806190696688,6.6,6.0,5.7,5.2,2.6000000000000005,1.0,0.2,0.0,0.0,0.0,0.0,0.0,0.0,0.0
Simulation,435,0.0,0.0,0.0,0.0,0.0,0.0,0.0,0.20000000000000018,5.632365135761962,5.8,5.3999999999999995,6.3,4.911025894769181,4.5,2.6,0.7626710273153776,1.4,0.0,0.0,0.0,0.0,0.0,0.0,0.0
Simulation,436,0.0,0.0,0.0,0.0,0.0,0.0,0.0,3.7000000133103446,6.258991260450561,6.148373832719055,7.466305415117587,6.5,5.5,4.017125658710818,2.5999999999999996,3.8750741715807635,1.2999999999999998,0.0,0.0,0.0,0.0,0.0,0.0,0.0
Simulation,437,0.0,0.0,0.0,0.0,0.0,0.0,0.0,0.30000000000000004,4.8,5.2,5.5,6.0,5.7,6.624924277409791,5.5,3.5,1.7,0.0,0.0,0.0,0.0,0.0,0.0,0.0
Simulation,438,0.0,0.0,0.0,0.0,0.0,0.0,0.0,0.0,5.1,4.0,6.8,5.6,5.8,5.1000000000000005,4.9,3.5,1.4,0.0,0.0,0.0,0.0,0.0,0.0,0.0
Simulation,439,0.0,0.0,0.0,0.0,0.0,0.0,0.0,0.0,2.4,4.3,6.8,7.282935960357527,7.40943511191111,6.4,4.0,3.5999999999999996,1.4,0.0,0.0,0.0,0.0,0.0,0.0,0.0
Simulation,440,0.0,0.0,0.0,0.0,0.0,0.0,0.0,3.4,5.1,5.2,5.8999999999999995,5.499999999999999,5.7,4.7,2.6999999999999997,3.0999999999999996,1.4,0.0,0.0,0.0,0.0,0.0,0.0,0.0
Simulation,441,0.0,0.0,0.0,0.0,0.0,0.0,0.0,3.5,5.301826912536403,6.2308625298686025,6.199999999999999,6.5,6.800000000000001,5.0,3.231046337398138,3.5,1.4,0.0,0.0,0.0,0.0,0.0,0.0,0.0
Simulation,442,0.0,0.0,0.0,0.0,0.0,0.0,0.0,1.3373312870661038,1.5712938632873197,3.1608162611572674,4.288302394962674,3.3764886845878666,4.354341166742786,4.3999999999999995,2.7,0.5,1.7,0.0,0.0,0.0,0.0,0.0,0.0,0.0
Simulation,443,0.0,0.0,0.0,0.0,0.0,0.0,0.0008921302525108888,3.5,2.4000000000000004,3.688176891268699,5.699999999999999,5.7,5.7,5.3999999999999995,5.3,0.06661110162931272,1.7,0.0,0.0,0.0,0.0,0.0,0.0,0.0
Simulation,444,0.0,0.0,0.0,0.0,0.0,0.0,0.0,3.7000001330365566,5.473217881356094,5.7,5.5,6.0,5.300000000000001,3.3376134370554422,2.363463726623131,0.04985199424083375,1.5,0.0,0.0,0.0,0.0,0.0,0.0,0.0
Simulation,445,0.0,0.0,0.0,0.0,0.0,0.0,0.0,3.3,3.4586143970635734,4.199999999999999,6.0,5.5,3.10508745619832,2.4930616352598864,0.858542366068888,2.9000000000000004,2.2900069867737867,0.0,0.0,0.0,0.0,0.0,0.0,0.0
Simulation,446,0.0,0.0,0.0,0.0,0.0,0.0,0.0007739135486782686,3.2,4.4,4.028791023585896,6.485604217005873,5.6000000000000005,5.6000000000000005,6.1,3.0,2.7,1.0,0.0,0.0,0.0,0.0,0.0,0.0,0.0
Simulation,447,0.0,0.0,0.0,0.0,0.0,0.0,0.0,3.5999999999999996,2.3000000000000003,5.300000000000001,5.3999999999999995,6.1,5.3,4.6,5.0,3.2602275330131816,1.7,0.0,0.0,0.0,0.0,0.0,0.0,0.0
Simulation,448,0.0,0.0,0.0,0.0,0.0,0.0,0.0006376713039027745,3.5,2.6,2.8932912100368453,5.499999999999999,5.6000000000000005,6.996280014035025,7.623399870144027,5.3999999999999995,3.0,1.5,0.0,0.0,0.0,0.0,0.0,0.0,0.0
Simulation,449,0.0,0.0,0.0,0.0,0.0,0.0,0.0009412302490775179,0.19999999999999996,2.2,2.65318322672758,5.4,6.3,6.0,5.9,2.6013471620293593,3.737006077532615,1.5999999999999999,0.0,0.0,0.0,0.0,0.0,0.0,0.0
Simulation,450,0.0,0.0,0.0,0.0,0.0,0.0,0.0,3.7000000021794994,5.199999999999999,5.8999999999999995,5.3999999999999995,6.0,5.500000000000001,5.0,4.5,2.9000000000000004,1.7,0.0,0.0,0.0,0.0,0.0,0.0,0.0
Simulation,451,0.0,0.0,0.0,0.0,0.0,0.0,0.0,3.4,5.987676464290535,6.148882024995898,6.699999999999999,7.106707316288761,6.6,7.1997348736031235,5.844013067406277,2.962947669779359,1.2999999999999998,0.0,0.0,0.0,0.0,0.0,0.0,0.0
Simulation,452,0.0,0.0,0.0,0.0,0.0,0.0,0.0007306783491536949,3.4,1.216628508450425,2.8816530105565543,4.788815583143469,5.057403226017184,6.4,4.7,3.1,0.24742722690733165,1.4,0.0,0.0,0.0,0.0,0.0,0.0,0.0
Simulation,453,0.0,0.0,0.0,0.0,0.0,0.0,0.0,3.2,4.800000000000001,4.3,6.199999999999999,7.012969659055439,6.0,5.7,5.0,3.2,2.204307655112933,0.0,0.0,0.0,0.0,0.0,0.0,0.0
Simulation,454,0.0,0.0,0.0,0.0,0.0,0.0,0.0,3.7000000070205954,2.3000000000000003,3.8,6.199999999999999,5.4,4.236476197885953,4.5,5.5,3.4000000000000004,0.1,0.0,0.0,0.0,0.0,0.0,0.0,0.0
Simulation,455,0.0,0.0,0.0,0.0,0.0,0.0,0.0,0.9846151254130803,1.2764446021758444,3.7,5.6,5.5,5.0886457033438806,4.788802708384869,2.378536081627944,3.2,5.877584306290494,0.0,0.0,0.0,0.0,0.0,0.0,0.0
Simulation,456,0.0,0.0,0.0,0.0,0.0,0.0,8.8158866016629e-05,3.1,2.6,6.195705238250813,6.8,6.7,7.562942507233836,7.838393578283157,6.447532682186637,3.5,2.7147932361357894,0.0,0.0,0.0,0.0,0.0,0.0,0.0
Simulation,457,0.0,0.0,0.0,0.0,0.0,0.0,0.0008148680523089968,2.9,2.2,4.2,5.5,5.8,6.6000000000000005,6.0,5.795475633883729,3.6000000000000005,0.4,0.0,0.0,0.0,0.0,0.0,0.0,0.0
Simulation,458,0.0,0.0,0.0,0.0,0.0,0.0,0.0004568492189027213,3.3,5.0,5.3,5.699999999999999,6.9,5.027541815736913,4.5,2.6999999999999997,4.162687002532834,1.6,0.0,0.0,0.0,0.0,0.0,0.0,0.0
Simulation,459,0.0,0.0,0.0,0.0,0.0,0.0,0.0,0.20000000000000018,3.5,3.8999999999999995,5.3999999999999995,7.0,5.412722673487995,5.4,5.5,4.086013415844888,1.4,0.0,0.0,0.0,0.0,0.0,0.0,0.0
Simulation,460,0.0,0.0,0.0,0.0,0.0,0.0,0.0008332253085193615,0.0,4.800000000000001,3.9,5.199999999999999,5.8,6.3999999999999995,5.8999999999999995,5.4,0.5,0.2,0.0,0.0,0.0,0.0,0.0,0.0,0.0
Simulation,461,0.0,0.0,0.0,0.0,0.0,0.0,0.0,0.0,4.7404464050011486,6.28100333384149,6.903173215404859,6.8999999999999995,6.6000000000000005,6.1,2.6000000000000005,0.14361086281395918,1.5,0.0,0.0,0.0,0.0,0.0,0.0,0.0
Simulation,462,0.0,0.0,0.0,0.0,0.0,0.0,0.0,0.792637639986556,1.850800252453574,4.5,5.3999999999999995,6.0,6.2,6.1,2.5999999999999996,0.0,0.8,0.0,0.0,0.0,0.0,0.0,0.0,0.0
Simulation,463,0.0,0.0,0.0,0.0,0.0,0.0,0.0008870315158333198,3.7000000007984344,5.492373885436517,6.125439924530369,6.7,7.618532384415097,7.666424582788476,7.007271356802438,6.052531566829282,3.3000000000000003,1.4,0.0,0.0,0.0,0.0,0.0,0.0,0.0
Simulation,464,0.0,0.0,0.0,0.0,0.0,0.0,7.418064449135076e-05,3.7000000001413773,5.625210792662905,3.9000000000000004,6.0,6.8,6.016673943416823,6.3999999999999995,5.475572340842967,0.40000000000000013,0.8,0.0,0.0,0.0,0.0,0.0,0.0,0.0
Simulation,465,0.0,0.0,0.0,0.0,0.0,0.0,0.0,3.7000000607630414,5.882139952298672,3.6999999999999997,7.307998295550968,6.6,7.152113829539736,4.6000000000000005,3.580678426849718,4.368224236926706,1.1,0.0,0.0,0.0,0.0,0.0,0.0,0.0
Simulation,466,0.0,0.0,0.0,0.0,0.0,0.0,0.0,1.6297711128653816,4.3,4.199999999999999,6.866844823109916,6.8999999999999995,5.7,4.132697430343465,3.0,3.665544818935119,0.1,0.0,0.0,0.0,0.0,0.0,0.0,0.0
Simulation,467,0.0,0.0,0.0,0.0,0.0,0.0,0.0,2.5,1.8358455641356675,3.8,5.6,5.4,4.514745639861012,4.3,1.7294354706321498,0.22657004495499722,0.4491381690653398,0.0,0.0,0.0,0.0,0.0,0.0,0.0
Simulation,468,0.0,0.0,0.0,0.0,0.0,0.0,0.0006463924466329936,0.0,2.6,3.8,6.2,6.3999999999999995,6.1000000000000005,4.6000000000000005,2.6,3.2152000070618016,0.9,0.0,0.0,0.0,0.0,0.0,0.0,0.0
Simulation,469,0.0,0.0,0.0,0.0,0.0,0.0,0.0,3.2,4.2,4.0,5.3,6.4,6.3,5.52482768488756,5.1,2.8,1.1,0.0,0.0,0.0,0.0,0.0,0.0,0.0
Simulation,470,0.0,0.0,0.0,0.0,0.0,0.0,0.0,0.0,4.9,4.1,5.6,6.0,5.526535877649128,1.5944283872366434,2.192211097826319,0.40000000000000013,0.3,0.0,0.0,0.0,0.0,0.0,0.0,0.0
Simulation,471,0.0,0.0,0.0,0.0,0.0,0.0,0.0,0.20000000000000018,4.9,5.4,6.3,5.2840696860607554,6.1000000000000005,5.0,5.6,4.500393277574528,3.1187331586982996,0.0,0.0,0.0,0.0,0.0,0.0,0.0
Simulation,472,0.0,0.0,0.0,0.0,0.0,0.0,0.0008590313142011204,2.5,4.9,6.77325291144613,6.6,6.499999999999999,6.5,4.300000000000001,1.7918466659719443,3.1,0.2,0.0,0.0,0.0,0.0,0.0,0.0,0.0
Simulation,473,0.0,0.0,0.0,0.0,0.0,0.0,0.0,3.0,2.6,4.3,5.7,4.641264468720907,4.496204776782543,5.8999999999999995,4.5,3.7097775101611106,1.2,0.0,0.0,0.0,0.0,0.0,0.0,0.0
Simulation,474,0.0,0.0,0.0,0.0,0.0,0.0,0.0,1.5951446952416957,2.4000000000000004,2.5242362617616347,5.1,4.890913246109614,6.8,6.1000000000000005,5.3999999999999995,3.3999999999999995,1.4,0.0,0.0,0.0,0.0,0.0,0.0,0.0
Simulation,475,0.0,0.0,0.0,0.0,0.0,0.0,0.0,3.2,2.4000000000000004,3.6,4.443722702818555,2.575017791426557,2.0272945967055387,4.000044590522958,1.993931332959371,3.0,0.3,0.0,0.0,0.0,0.0,0.0,0.0,0.0
Simulation,476,0.0,0.0,0.0,0.0,0.0,0.0,0.0005422194846439092,0.30000000000000004,5.350635225797511,4.3999999999999995,5.8999999999999995,7.602219746965726,6.3999999999999995,6.826801817385565,5.3,3.939054220588277,4.6666837494018845,0.0,0.0,0.0,0.0,0.0,0.0,0.0
Simulation,477,0.0,0.0,0.0,0.0,0.0,0.0,0.0009405071618855151,0.19999999999999996,2.5,2.956119041691198,5.4,5.8999999999999995,6.6000000000000005,6.3,4.125703308878698,0.6000000000000001,0.3,0.0,0.0,0.0,0.0,0.0,0.0,0.0
Simulation,478,0.0,0.0,0.0,0.0,0.0,0.0,0.0,2.7,2.3000000000000003,4.4,6.0,6.8,6.4,6.2,3.3000000000000003,3.4000000000000004,1.2,0.0,0.0,0.0,0.0,0.0,0.0,0.0
Simulation,479,0.0,0.0,0.0,0.0,0.0,0.0,0.0006364120217599409,2.0,4.4,3.8,3.2708314832228593,1.1473340373518184,0.47410930425141196,0.5203059657010858,2.0642848065790167,0.08847057287378912,0.2,0.0,0.0,0.0,0.0,0.0,0.0,0.0
Simulation,480,0.0,0.0,0.0,0.0,0.0,0.0,0.0,0.0,2.4000000000000004,3.9000000000000004,5.08651591428235,5.8999999999999995,4.795224262891894,2.8857672848970504,2.317695334364422,2.096204703624801,1.4,0.0,0.0,0.0,0.0,0.0,0.0,0.0
Simulation,481,0.0,0.0,0.0,0.0,0.0,0.0,0.0,2.9,2.4000000000000004,3.9000000000000004,5.1,7.0,5.8,6.5,4.402111023382407,0.5999999999999999,1.4,0.0,0.0,0.0,0.0,0.0,0.0,0.0
Simulation,482,0.0,0.0,0.0,0.0,0.0,0.0,0.0,3.7000000036625966,5.460931830028771,7.046776016338644,7.583941698225281,7.769869977881399,7.563351545071846,6.564541484470372,5.62207140175831,3.5,1.2999999999999998,0.0,0.0,0.0,0.0,0.0,0.0,0.0
Simulation,483,0.0,0.0,0.0,0.0,0.0,0.0,0.0,3.5,1.441097695606377,0.29332315612598414,2.752403054693766,3.848446578920221,3.6915637031659485,4.3999999999999995,2.8,3.5,1.2,0.0,0.0,0.0,0.0,0.0,0.0,0.0
Simulation,484,0.0,0.0,0.0,0.0,0.0,0.0,0.0,0.20000000000000018,2.4000000000000004,6.1,5.6,6.1,5.7,5.7,2.6000000000000005,0.7,0.1,0.0,0.0,0.0,0.0,0.0,0.0,0.0
Simulation,485,0.0,0.0,0.0,0.0,0.0,0.0,0.0009416346786534,3.4,4.641172943479586,5.8,6.4,6.7,7.177823292495379,6.887872686841481,5.6,3.6000000000000005,1.2,0.0,0.0,0.0,0.0,0.0,0.0,0.0
Simulation,486,0.0,0.0,0.0,0.0,0.0,0.0,0.0,3.2,2.3000000000000003,3.8999999999999995,5.6,6.1,6.2,5.9,2.9,0.2970490745702581,1.3,0.0,0.0,0.0,0.0,0.0,0.0,0.0
Simulation,487,0.0,0.0,0.0,0.0,0.0,0.0,0.0,3.4,2.4000000000000004,6.248209632517694,7.041728878672412,6.6,6.8,5.0,5.5,3.6000000000000005,0.3,0.0,0.0,0.0,0.0,0.0,0.0,0.0
Simulation,488,0.0,0.0,0.0,0.0,0.0,0.0,0.0007313069132583819,2.9,2.4000000000000004,4.2,7.403705357666448,6.8,7.4246956407123905,7.2629959426209165,6.126955828231208,3.3,0.13480074671999775,0.0,0.0,0.0,0.0,0.0,0.0,0.0
Simulation,489,0.0,0.0,0.0,0.0,0.0,0.0,0.0,3.5,3.0906405165656397,3.6000000000000005,5.1,5.7,6.2,4.093429159348779,2.7,0.5000000000000002,1.5,0.0,0.0,0.0,0.0,0.0,0.0,0.0
Simulation,490,0.0,0.0,0.0,0.0,0.0,0.0,0.0,3.2,2.4000000000000004,3.7,5.1,4.265915153758708,5.4,5.0,2.7,0.5,1.5,0.0,0.0,0.0,0.0,0.0,0.0,0.0
Simulation,491,0.0,0.0,0.0,0.0,0.0,0.0,0.0,3.5,2.7,4.8928668522152,6.84173925288489,7.0,6.3,5.3,4.7,4.201018526623292,1.4,0.0,0.0,0.0,0.0,0.0,0.0,0.0
Simulation,492,0.0,0.0,0.0,0.0,0.0,0.0,0.0007679451366917489,0.10000000000000009,5.0,6.120163563682404,5.84539168137465,6.6,6.6000000000000005,5.9,3.0,0.16263113991111222,1.7,0.0,0.0,0.0,0.0,0.0,0.0,0.0
Simulation,493,0.0,0.0,0.0,0.0,0.0,0.0,0.0,3.2,4.699999999999999,3.8999999999999995,4.25918114077146,5.239498193031292,4.129671725751646,4.7,4.7,0.05200980680841627,1.9951442432551854,0.0,0.0,0.0,0.0,0.0,0.0,0.0
Simulation,494,0.0,0.0,0.0,0.0,0.0,0.0,0.0,2.8,0.36903441655782254,2.588573368597122,5.3999999999999995,5.699999999999999,5.800000000000001,3.994272162028002,4.9,3.2,1.0,0.0,0.0,0.0,0.0,0.0,0.0,0.0
Simulation,495,0.0,0.0,0.0,0.0,0.0,0.0,0.0006305190104161937,3.013445836512466,0.634099166937522,2.186465454724062,5.3,5.8,5.1873483446925555,5.0,2.6,0.6621738747419414,1.1,0.0,0.0,0.0,0.0,0.0,0.0,0.0
Simulation,496,0.0,0.0,0.0,0.0,0.0,0.0,0.0009667263276677304,3.7000000045412853,2.4000000000000004,2.2345441144553746,4.649999905992148,5.3999999999999995,5.8,4.7,5.6,2.9000000000000004,2.0900678098655225,0.0,0.0,0.0,0.0,0.0,0.0,0.0
Simulation,497,0.0,0.0,0.0,0.0,0.0,0.0,0.0,0.10000000000000009,5.703287275933468,6.395741409501415,6.7,5.699999999999999,7.144070550855117,7.404480771961252,6.557754259452316,3.7135179610483244,1.7,0.0,0.0,0.0,0.0,0.0,0.0,0.0
Simulation,498,0.0,0.0,0.0,0.0,0.0,0.0,0.0007742127082440794,3.0,4.4,4.3,6.7,6.3,7.290973147017384,4.7,2.9,2.8,1.8086730724612554,0.0,0.0,0.0,0.0,0.0,0.0,0.0
Simulation,499,0.0,0.0,0.0,0.0,0.0,0.0,0.0,0.0,2.5,4.1,6.4,6.2,5.9,4.4,2.6,2.8,1.5,0.0,0.0,0.0,0.0,0.0,0.0,0.0
Simulation,500,0.0,0.0,0.0,0.0,0.0,0.0,0.0007712231858424626,2.4,4.800000000000001,4.3,6.5,6.4,6.1000000000000005,7.092057224216682,5.6,0.5999999999999999,2.589324730703084,0.0,0.0,0.0,0.0,0.0,0.0,0.0
